update,mixture_index,count,source,nmse,complex_si_sdr_db,weakest
0,4,2,DJI FPV COMBO,3.8097053602567312,-32.315394788157256,True
0,4,2,DJI MAVIC3 PRO,3.8392052275111266,-11.005068701068797,False
0,5,2,DJI AVATA2,2.658866575335885,-11.70816189940317,False
0,5,2,DJI MAVIC3 PRO,32.15679634891585,-26.479871942476265,True
0,2,3,DJI AVATA2,7.40165785450122,-12.538586268412564,False
0,2,3,DJI FPV COMBO,4.885958360047925,-11.165542853182371,False
0,2,3,DJI MAVIC3 PRO,14.099025524983217,-21.30000067212429,True
0,11,3,DJI AVATA2,21.706771852781014,-15.363701012888864,False
0,11,3,DJI FPV COMBO,34.68983258811788,-29.20225361624244,True
0,11,3,DJI MAVIC3 PRO,2.6893026977488836,-9.640702799801042,False
1,4,2,DJI FPV COMBO,1.9453178102395108,-12.425517410044192,True
1,4,2,DJI MAVIC3 PRO,2.5468989808350253,-11.004983820232106,False
1,5,2,DJI AVATA2,2.176400037130596,-12.764043643078335,False
1,5,2,DJI MAVIC3 PRO,18.82022720287011,-21.474779234695788,True
1,2,3,DJI AVATA2,4.349254186994873,-13.276660523285438,False
1,2,3,DJI FPV COMBO,2.218104361398407,-9.975934973620449,False
1,2,3,DJI MAVIC3 PRO,6.999190608358874,-21.220070275389624,True
1,11,3,DJI AVATA2,10.210899796231079,-16.24661608095401,False
1,11,3,DJI FPV COMBO,16.7483764128982,-16.787362296893257,True
1,11,3,DJI MAVIC3 PRO,1.6572997016253899,-9.0015062060571,False
4,4,2,DJI FPV COMBO,1.1374044716195595,-9.113761245291037,True
4,4,2,DJI MAVIC3 PRO,0.9508465207079861,-2.625312610535347,False
4,5,2,DJI AVATA2,0.6381568456749895,-0.6894209372948495,False
4,5,2,DJI MAVIC3 PRO,6.11414741263248,-26.836967317720244,True
4,2,3,DJI AVATA2,0.9867450177009351,-0.77641067606131,False
4,2,3,DJI FPV COMBO,0.7819405642959858,-1.5225230302926476,False
4,2,3,DJI MAVIC3 PRO,1.9542189109517891,-26.248453159084608,True
4,11,3,DJI AVATA2,2.867608259275261,-6.520677609783361,False
4,11,3,DJI FPV COMBO,3.3334197789239255,-22.550755805323508,True
4,11,3,DJI MAVIC3 PRO,0.414082957558159,1.9284167475851952,False
8,4,2,DJI FPV COMBO,0.7649956054972603,-4.706289421957941,True
8,4,2,DJI MAVIC3 PRO,0.7229389779789437,-0.5901306452118998,False
8,5,2,DJI AVATA2,0.1681543221437933,7.18204626916074,False
8,5,2,DJI MAVIC3 PRO,1.90411697795625,-12.456774072921988,True
8,2,3,DJI AVATA2,0.4264322659661375,1.5547094570041942,False
8,2,3,DJI FPV COMBO,0.43771884451498855,2.4375189752351556,False
8,2,3,DJI MAVIC3 PRO,1.3322190254448376,-14.873789116456672,True
8,11,3,DJI AVATA2,0.8940603815918982,-3.000273634930972,False
8,11,3,DJI FPV COMBO,1.5793635563467427,-10.733645265978089,True
8,11,3,DJI MAVIC3 PRO,0.11640748797185665,8.891158955161924,False
16,4,2,DJI FPV COMBO,0.4127623616998663,2.1434510943215983,True
16,4,2,DJI MAVIC3 PRO,0.4262975494802052,3.7407888821478625,False
16,5,2,DJI AVATA2,0.070209698131786,11.816219677222001,False
16,5,2,DJI MAVIC3 PRO,0.6714914221846797,-2.6707943853506366,True
16,2,3,DJI AVATA2,0.2417751405010061,5.006129554073787,False
16,2,3,DJI FPV COMBO,0.3455038248799444,3.4827287239239957,False
16,2,3,DJI MAVIC3 PRO,1.3353239254126357,-20.48894907490826,True
16,11,3,DJI AVATA2,0.5976333337330106,0.03551731325208594,False
16,11,3,DJI FPV COMBO,0.9992727256759011,-8.099433782131404,True
16,11,3,DJI MAVIC3 PRO,0.07170643413674097,11.16065274511126,False
24,4,2,DJI FPV COMBO,0.2855376602529181,3.986901615904298,True
24,4,2,DJI MAVIC3 PRO,0.2790068713504864,4.834307739949716,False
24,5,2,DJI AVATA2,0.05162275864563392,12.705203626292679,False
24,5,2,DJI MAVIC3 PRO,0.3690503595465117,2.4751937722560142,True
24,2,3,DJI AVATA2,0.2325203020233074,5.895552352295715,False
24,2,3,DJI FPV COMBO,0.3101111211040311,3.786400729685076,False
24,2,3,DJI MAVIC3 PRO,1.4325269938693863,-18.71752108264684,True
24,11,3,DJI AVATA2,0.47794793456054036,1.116373799291904,False
24,11,3,DJI FPV COMBO,0.8633891925729407,-5.2473942211886335,True
24,11,3,DJI MAVIC3 PRO,0.056231804298252384,12.320855262559574,False
32,4,2,DJI FPV COMBO,0.24817676764539848,4.852199861280943,True
32,4,2,DJI MAVIC3 PRO,0.26094312930904345,5.8037435815607905,False
32,5,2,DJI AVATA2,0.041326056338173524,13.656323181457248,False
32,5,2,DJI MAVIC3 PRO,0.2587454437319586,4.594856006461833,True
32,2,3,DJI AVATA2,0.2526307304105779,5.971217382897232,False
32,2,3,DJI FPV COMBO,0.2801018764086917,4.322823200572397,False
32,2,3,DJI MAVIC3 PRO,1.1068180397046938,-14.93224382777537,True
32,11,3,DJI AVATA2,0.4224662217734316,1.9796696141960362,False
32,11,3,DJI FPV COMBO,0.7031067983393504,-2.976107218043585,True
32,11,3,DJI MAVIC3 PRO,0.0445532085903759,13.380532460014742,False
40,4,2,DJI FPV COMBO,0.18879460802325887,6.695923873306434,True
40,4,2,DJI MAVIC3 PRO,0.18177991165353166,6.937752892083193,False
40,5,2,DJI AVATA2,0.03525116095256439,14.46937473085917,False
40,5,2,DJI MAVIC3 PRO,0.2196228934473345,5.585917034601734,True
40,2,3,DJI AVATA2,0.21106796374947662,6.2451393152220955,False
40,2,3,DJI FPV COMBO,0.2489146895830909,5.048429369059438,False
40,2,3,DJI MAVIC3 PRO,0.9650289005809233,-10.752870307148408,True
40,11,3,DJI AVATA2,0.3848840595671634,2.303723165254774,False
40,11,3,DJI FPV COMBO,0.6216274870574323,-1.0442051790913118,True
40,11,3,DJI MAVIC3 PRO,0.038249892805832963,14.016067968152626,False
48,4,2,DJI FPV COMBO,0.1325243025236808,8.817844111055773,True
48,4,2,DJI MAVIC3 PRO,0.11668513834514282,9.028886190975292,False
48,5,2,DJI AVATA2,0.03360312417675571,14.963579611163878,False
48,5,2,DJI MAVIC3 PRO,0.1729824919001564,6.969097255954464,True
48,2,3,DJI AVATA2,0.18007086181986476,6.698960453465941,False
48,2,3,DJI FPV COMBO,0.21283499546994641,5.724652672841977,False
48,2,3,DJI MAVIC3 PRO,0.7461021272600561,-4.643139095334505,True
48,11,3,DJI AVATA2,0.3475179162746588,2.8760672477235083,False
48,11,3,DJI FPV COMBO,0.4991496558912673,0.6419079074269318,True
48,11,3,DJI MAVIC3 PRO,0.034648607043569805,14.454601304517842,False
56,4,2,DJI FPV COMBO,0.08418913150633638,10.909235256121871,True
56,4,2,DJI MAVIC3 PRO,0.07797968649234334,10.749353480117897,False
56,5,2,DJI AVATA2,0.030742838635715496,15.199966618802115,False
56,5,2,DJI MAVIC3 PRO,0.21017856510598623,6.221556248052137,True
56,2,3,DJI AVATA2,0.18145654260068297,6.670036874493047,False
56,2,3,DJI FPV COMBO,0.18123376875693567,6.624649022807657,False
56,2,3,DJI MAVIC3 PRO,0.6251895027603023,-2.199694083923602,True
56,11,3,DJI AVATA2,0.350445646240118,2.7180284838752025,False
56,11,3,DJI FPV COMBO,0.5810075286784456,0.37886014156891074,True
56,11,3,DJI MAVIC3 PRO,0.03181618516465205,14.866567781055062,False
64,4,2,DJI FPV COMBO,0.060527790300794776,11.917164060339605,True
64,4,2,DJI MAVIC3 PRO,0.05432880695537378,12.443204864209056,False
64,5,2,DJI AVATA2,0.02105384751367295,16.68746599368677,False
64,5,2,DJI MAVIC3 PRO,0.1692425867771804,6.997158954085859,True
64,2,3,DJI AVATA2,0.18763839716450045,6.471602905714394,False
64,2,3,DJI FPV COMBO,0.18243396294698697,6.766683889955054,False
64,2,3,DJI MAVIC3 PRO,0.5922111772171584,-1.5935038630885239,True
64,11,3,DJI AVATA2,0.3661652928412334,2.431385503894884,False
64,11,3,DJI FPV COMBO,0.49003625210446133,0.4255361363062087,True
64,11,3,DJI MAVIC3 PRO,0.032683158480671035,15.090489611673007,False
