arm,epoch,updates,count,cases,mean_nmse,mean_si_sdr,weakest_nmse
wavenet_cycle10,0,0,2,210,61.565343259586705,-0.05665407939550626,122.55444171861578
wavenet_cycle10,0,0,3,210,2.812413259520167,-5.354785572024292,6.718007900632769
wavenet_cycle10,1,75,2,210,1.766247260827366,-2.0848466117060958,3.3276601387915994
wavenet_cycle10,1,75,3,210,0.8118522456410011,-9.333790181438138,1.0985423350288221
wavenet_cycle10,2,150,2,210,2.1955395150362316,-4.902352870654494,4.116264236595638
wavenet_cycle10,2,150,3,210,1.007365818831835,-8.734674924559874,1.148434073320324
wavenet_cycle10,3,225,2,210,1.4693208865309821,0.10297372250228755,2.729550012829375
wavenet_cycle10,3,225,3,210,0.7990117474498145,-6.2812024283048045,1.0627360362629497
wavenet_cycle10,4,300,2,210,0.799700797566639,0.6818757340956577,1.3995880048216
wavenet_cycle10,4,300,3,210,0.7592486354902056,-5.014981795813531,0.9878900624422308
wavenet_cycle10,5,375,2,210,0.8429715987822304,1.0960720101203432,1.4903608005567095
wavenet_cycle10,5,375,3,210,0.7550112885566095,-4.210424131301216,0.9845866512461722
wavenet_cycle15,0,0,2,210,61.59956239545367,-0.052966343583973084,122.62284683748067
wavenet_cycle15,0,0,3,210,2.8117682945113693,-5.354543356797722,6.71601868118739
wavenet_cycle15,1,75,2,210,2.137570012554035,-0.993446753487872,4.053459727727139
wavenet_cycle15,1,75,3,210,0.7835585872902847,-6.286171194680757,1.1099157223213998
wavenet_cycle15,2,150,2,210,1.7057791512296534,-0.3712237125697632,3.1964590821067858
wavenet_cycle15,2,150,3,210,0.8322623185082203,-6.7265774435611965,1.08790677286811
wavenet_cycle15,3,225,2,210,1.0437185139464262,0.7494683729072453,1.8884830219585336
wavenet_cycle15,3,225,3,210,0.7679418125337086,-4.548857890010323,1.0188258689851402
wavenet_cycle15,4,300,2,210,0.9162954351178558,0.304202581615124,1.6325618940945281
wavenet_cycle15,4,300,3,210,0.7592503124860737,-4.895037869341121,0.967727827823863
unet_mean,0,0,2,210,61.628159153266445,-0.03382050561720315,122.67952183140275
unet_mean,0,0,3,210,2.8157305832635333,-5.361813558028384,6.727495372374066
unet_mean,1,75,2,210,0.7131010773577214,0.4614702203896582,1.2326186643028614
unet_mean,1,75,3,210,0.7578710547359634,-7.535590117005175,1.0193361433797454
unet_mean,2,150,2,210,0.6800645685226909,1.5425771178710161,1.1595719440652488
unet_mean,2,150,3,210,0.7573787856861125,-5.805004573033355,0.9832639845835253
unet_mean,3,225,2,210,0.6489938711141225,2.8709970562172806,1.1186428201312986
unet_mean,3,225,3,210,0.7252377112903081,-3.44024454905162,1.0130919391505204
unet_mean,4,300,2,210,0.5223824486717783,3.0322824532070447,0.8810677707179229
unet_mean,4,300,3,210,0.7254815392943075,-3.580178398436992,0.9878107969528502
