method,epoch,count,cases,mean_nmse,mean_si_sdr,nonfinite_si_sdr,weakest_nmse,construction_count_accuracy
unet,0,1,210,0.05064442838094462,17.661811463672358,0,0.05064442838094462,0.1
unet,0,2,210,0.46960496323057205,2.8080226395394314,0,0.7791508129676207,0.7571428571428571
unet,0,3,210,0.7036887618852801,-3.802680906750225,0,0.9571347406137569,0.0
unet,1,1,210,0.03303470514586134,21.03457413293797,0,0.03303470514586134,0.38571428571428573
unet,1,2,210,0.47535223574597485,3.694153474507691,0,0.7890198810642944,0.8142857142857143
unet,1,3,210,0.7006514796905665,-3.180525993413937,0,0.9508378816279046,0.0
unet,2,1,210,0.027593617315139082,21.336587221314186,0,0.027593617315139082,0.7571428571428571
unet,2,2,210,0.46689559431987576,3.777362785523427,0,0.7785797101018634,0.2761904761904762
unet,2,3,210,0.6902533153143511,-3.1087800503642207,0,0.9513193850439158,0.3238095238095238
unet,3,1,210,0.02316526589793566,22.498015640656828,0,0.02316526589793566,0.8
unet,3,2,210,0.47434549123494574,3.764987205612499,0,0.7918499253523423,0.2904761904761905
unet,3,3,210,0.6887073117716158,-2.811501110903053,0,0.9457188721256259,0.4142857142857143
unet,4,1,210,0.018284069330342084,24.852031841843548,0,0.018284069330342084,0.8
unet,4,2,210,0.5032519986264734,3.2878244311703266,0,0.8394204826458409,0.3047619047619048
unet,4,3,210,0.6985555386874751,-3.2614549107851416,0,0.9481661661328714,0.22380952380952382
unet,5,1,210,0.0173077119856376,24.795912092475614,0,0.0173077119856376,0.8
unet,5,2,210,0.5016937372993869,3.31546891082073,0,0.834019715251313,0.30952380952380953
unet,5,3,210,0.7000988233731934,-3.4911483926851505,0,0.9490536656985926,0.1761904761904762
spectral,,1,210,0.15842240270247607,35.429424974920046,0,0.15842240270247607,0.35714285714285715
spectral,,2,210,1.2342885503167882,,30,2.187376395930405,0.44285714285714284
spectral,,3,210,2.791719842260255,-6.12546365913584,0,6.234715747280851,0.8571428571428571
frame_spectral,,1,210,0.17103359350709418,12.850582470095729,0,0.17103359350709418,0.35714285714285715
frame_spectral,,2,210,1.081591656489054,,25,1.918887116128156,0.44285714285714284
frame_spectral,,3,210,2.5798593391348725,-6.090245256907482,0,5.729851940269565,0.8571428571428571
