arm,epoch,updates,count,mean_nmse,mean_si_sdr
local,0,0,2,61.75525612833115,-0.2081996985111556
local,0,0,3,2.820776596058984,-5.363117721026473
local,1,75,2,40.99304130426911,-2.7135673846781567
local,1,75,3,2.1707054587322463,-6.271841382130458
local,2,150,2,32.33246928459998,-2.985916684550821
local,2,150,3,1.8615745652652587,-6.539027856272059
local,3,225,2,25.462291946866745,-3.3743391259855646
local,3,225,3,1.540387118160817,-7.183415572725489
local,4,300,2,21.851219272374102,-2.7337306962544945
local,4,300,3,1.376609813577441,-6.397963564822474
local,5,375,2,17.688991025599442,-3.5531780257611976
local,5,375,3,1.2687243599924005,-7.072244037764632
long,0,0,2,61.75611181422527,-0.2487422376287774
long,0,0,3,2.8208832153554044,-5.363708613175813
long,1,75,2,41.460481731693804,-2.549101917237865
long,1,75,3,2.185028140647363,-6.062558816001591
long,2,150,2,32.51518691976756,-3.133683202379131
long,2,150,3,1.8840505602494,-6.637149405094826
long,3,225,2,25.325398005959048,-3.263002350578049
long,3,225,3,1.5251047857093218,-6.974477186397235
long,4,300,2,21.6698209492622,-2.7508462971827594
long,4,300,3,1.3836080030777684,-6.378532322205264
long,5,375,2,19.049728670346813,-3.2394968555030292
long,5,375,3,1.2749380667300403,-7.13038951125997
