arm,epoch,count,cases,mean_nmse,mean_complex_si_sdr_db,weakest_nmse,paired_budget
waveform_only,0,1,210,0.03098302914841512,20.703362538623775,0.03098302914841512,True
waveform_only,0,2,210,0.4943152457783993,2.8697999900724867,0.8249205700523486,True
waveform_only,0,3,210,0.6604684955843766,-2.6699001603911303,0.9573506173258381,True
waveform_only,1,1,210,0.028234568423486237,21.05615250317141,0.028234568423486237,True
waveform_only,1,2,210,0.49086894282510557,2.7921579341897114,0.8188948275058695,True
waveform_only,1,3,210,0.6588172481726023,-2.963377285630462,0.9543320330708313,True
waveform_only,2,1,210,0.025512268216607067,21.79123380695231,0.025512268216607067,True
waveform_only,2,2,210,0.5072372149055747,2.622411768858933,0.8458361159445763,True
waveform_only,2,3,210,0.6730507076742233,-3.324668953588327,0.9518896161829127,True
waveform_only,3,1,210,0.028125728874038174,21.1686901761599,0.028125728874038174,True
waveform_only,3,2,210,0.509130224595073,2.603702673245719,0.8492945080798107,True
waveform_only,3,3,210,0.667500514734262,-2.925581008465848,0.9518883933842504,True
waveform_only,4,1,210,0.026447000295070053,21.637655624072753,0.026447000295070053,True
waveform_only,4,2,210,0.5155068521568951,2.4633311811337784,0.8591024154499511,True
waveform_only,4,3,210,0.6646688139304547,-3.0226965448605716,0.9449065026584277,True
waveform_only,5,1,210,0.02716857395887797,21.19353586606348,0.02716857395887797,True
waveform_only,5,2,210,0.5129747539792644,2.458066790301535,0.8538163510687722,True
waveform_only,5,3,210,0.6702849981916287,-2.960205739285148,0.9470356013952173,True
waveform_allocation,0,1,210,0.03098302914841512,20.703362538623775,0.03098302914841512,True
waveform_allocation,0,2,210,0.4943152457783993,2.8697999900724867,0.8249205700523486,True
waveform_allocation,0,3,210,0.6604684955843766,-2.6699001603911303,0.9573506173258381,True
waveform_allocation,1,1,210,0.032289316065691506,20.542617428691877,0.032289316065691506,True
waveform_allocation,1,2,210,0.49222601693692414,2.8343113527926107,0.8224398003842244,True
waveform_allocation,1,3,210,0.6567378900816313,-2.7108788581104184,0.9584980625226348,True
waveform_allocation,2,1,210,0.028533857176519597,21.29216462990594,0.028533857176519597,True
waveform_allocation,2,2,210,0.5100964243738999,2.4763091634513823,0.8523114889699784,True
waveform_allocation,2,3,210,0.6695983951827966,-3.101007521964527,0.9567670910185506,True
waveform_allocation,3,1,210,0.032788688649914244,20.559548856257805,0.032788688649914244,True
waveform_allocation,3,2,210,0.5196721066712574,2.493036406878629,0.8712617704938488,True
waveform_allocation,3,3,210,0.6703526375657541,-2.7553362295197736,0.9535021583082002,True
waveform_allocation,4,1,210,0.030569821856722756,20.948589425691093,0.030569821856722756,True
waveform_allocation,4,2,210,0.5262933339744421,2.557968868516441,0.882438168702365,True
waveform_allocation,4,3,210,0.6659879060900912,-2.733950345146753,0.9563488633050878,True
waveform_allocation,5,1,210,0.03075969160122442,20.67429911247354,0.03075969160122442,True
waveform_allocation,5,2,210,0.5133996217985214,2.5920341644122864,0.8599887515633324,True
waveform_allocation,5,3,210,0.6660477604970015,-2.7079563356619603,0.9518212668218142,True
