mixture_index,source_index,count,category,sir_db,nmse,si_sdr_db
0,0,2,DJI MINI3,45.66591037515706,0.008082597851533412,20.956866634692094
0,1,2,DJI MINI4 PRO,-45.66591037515706,3.6138707871244002,-26.611199930254582
1,0,2,DJI FPV COMBO,-17.498293217072597,0.9149450151945064,-3.7434935665908524
1,1,2,DJI MAVIC3 PRO,17.498293217072597,0.017538162259459675,17.69559053311332
2,0,2,DJI AVATA2,9.908049514552086,0.10769686496967046,9.856000695201354
2,1,2,DJI FPV COMBO,-9.908049514552086,0.8805134726307858,-5.3124505586568755
3,0,3,DJI AVATA2,-9.685387205582497,0.9986456761359084,-10.953102800265206
3,1,3,DJI FPV COMBO,9.262608880179691,0.10708057106795499,9.221663140315524
3,2,3,DJI MAVIC3 PRO,-20.480159045997897,0.985612801795977,-17.283309179330463
9,0,2,DJI AVATA2,7.9882490023562545,0.23662416929798125,5.478513643474164
9,1,2,DJI FPV COMBO,-7.988249002356254,0.9475445570722354,-8.007726762864138
10,0,2,DJI AVATA2,17.74802100518454,0.18565404692161042,14.065401002979723
10,1,2,DJI MAVIC3 PRO,-17.74802100518454,1.0119010464736806,-17.96208999050214
11,0,3,DJI AVATA2,6.327477357888216,0.2910249831253256,4.750787269771378
11,1,3,DJI FPV COMBO,-8.980530563876679,1.2059540507419406,-7.971626238066491
11,2,3,DJI MAVIC3 PRO,-10.807213673551214,0.9485634878929097,-11.333461013760623
12,0,2,DJI AVATA2,1.667339626184783,0.5038370140017361,4.1828883993678
12,1,2,DJI MAVIC3 PRO,-1.6673396261847833,0.6369855497076257,0.1293692960071895
13,0,2,DJI AVATA2,10.958791784256142,0.10681657896659,9.764416658748575
13,1,2,DJI MAVIC3 PRO,-10.958791784256142,0.9907699356714639,-18.171823405674367
14,0,2,DJI AVATA2,13.37886987068622,0.21164889171829013,10.320676256116581
14,1,2,DJI FPV COMBO,-13.37886987068622,0.9453596979261254,-12.263225932514919
15,0,2,DJI AVATA2,-7.445061710863989,0.5829154162018009,-0.47931860891262135
15,1,2,DJI MAVIC3 PRO,7.445061710863989,0.09929153191165109,9.62949772820544
16,0,2,DJI FPV COMBO,-11.848829252339401,0.41921084334923664,5.115208178686277
16,1,2,DJI MAVIC3 PRO,11.848829252339401,0.027919183693194346,15.421849352588783
18,0,3,DJI AVATA2,0.41286358654873034,0.35759518468308055,2.697982683841989
18,1,3,DJI FPV COMBO,-0.4791819962225782,0.43261613590302467,4.637293586784586
18,2,3,DJI MAVIC3 PRO,-24.17700214997111,1.2215841715491178,-20.181398615107454
20,0,3,DJI AVATA2,-13.323539372678056,0.9531641728467237,-7.777454754088966
20,1,3,DJI FPV COMBO,8.37609189713017,0.0700117432171443,11.248462422153294
20,2,3,DJI MAVIC3 PRO,-10.464646340458748,0.4939115622849456,1.3892932234002675
21,0,2,DJI AVATA2,-12.480190190622915,0.682470350593628,-2.503170639038983
21,1,2,DJI FPV COMBO,12.480190190622915,0.03480003310709034,14.435012568964025
25,0,2,DJI MINI3,-4.208067012446261,0.7562780595284274,-4.889086835847825
25,1,2,DJI MINI4 PRO,4.208067012446261,0.2842537592235233,4.027515577283529
26,0,3,DJI AVATA2,0.7085978005379303,0.4966909142371769,0.7102658392991523
26,1,3,DJI FPV COMBO,-3.761134547975476,0.7481241947391346,-4.722877757252625
26,2,3,DJI MAVIC3 PRO,-7.098388428830735,0.939245763758261,-6.188997394772942
27,0,2,DJI MINI3,28.83033318705776,0.0015362134319140892,28.698580324755444
27,1,2,DJI MINI4 PRO,-28.83033318705776,0.8828044819786426,-7.6901059496721995
28,0,2,DJI MINI3,50.0130251616998,0.0016171896745620393,29.358845183075243
28,1,2,DJI MINI4 PRO,-50.0130251616998,6.240651585819443,-27.813791208287114
29,0,2,DJI FPV COMBO,-10.975335466347811,0.5672746116063391,-0.7360570579590617
29,1,2,DJI MAVIC3 PRO,10.975335466347811,0.04452346005886946,13.359269781281778
31,0,3,DJI AVATA2,4.592476022848434,0.28236584063901693,4.550574694562238
31,1,3,DJI FPV COMBO,-10.627211299308785,0.9576499860748268,-12.64917130712015
31,2,3,DJI MAVIC3 PRO,-6.640423197498885,0.9309914619680407,-6.838793240359103
33,0,2,DJI AVATA2,27.73815108898532,0.12399827155315424,13.944093200954178
33,1,2,DJI MAVIC3 PRO,-27.73815108898532,1.630691900813234,-27.537701062523766
35,0,2,DJI AVATA2,7.098803610190356,0.2584655213862995,5.332855405976366
35,1,2,DJI MAVIC3 PRO,-7.098803610190356,0.9491461586238084,-8.251764190601566
36,0,2,DJI AVATA2,-10.718419456620442,0.6442347313182338,-1.0967045650440448
36,1,2,DJI FPV COMBO,10.718419456620442,0.047873601094709374,13.006097852377117
37,0,3,DJI AVATA2,-0.4981644075189018,0.5838993206733828,-0.37420788097543967
37,1,3,DJI FPV COMBO,-0.16079351622925145,0.5778130578460852,-0.09943928672790694
37,2,3,DJI MAVIC3 PRO,-14.045785221268508,0.9442055247165428,-11.856087246448064
41,0,2,DJI AVATA2,10.095690449319296,0.1766224096264522,8.606112635081747
41,1,2,DJI MAVIC3 PRO,-10.095690449319296,0.9602705545953569,-11.204240518615439
43,0,3,DJI AVATA2,17.77574058744564,0.13091741322636502,12.660371837165753
43,1,3,DJI FPV COMBO,-24.721342966136387,1.2887776880003339,-25.13680580103029
43,2,3,DJI MAVIC3 PRO,-18.785367230635128,5.8393758314434905,-17.687564720469823
44,0,3,DJI AVATA2,13.251337553516025,0.15230762759142757,11.195563069731687
44,1,3,DJI FPV COMBO,-15.59540422657676,3.669744495794889,-13.804772812839508
44,2,3,DJI MAVIC3 PRO,-17.28740286717741,0.9878426021872672,-18.043659879346976
45,0,3,DJI AVATA2,-4.86346949466326,0.8149447884484475,-5.800774140209887
45,1,3,DJI FPV COMBO,1.2326180852190491,0.5325516332342791,-0.21917808103061626
45,2,3,DJI MAVIC3 PRO,-6.483805057849667,0.9258887666682989,-5.369728089151121
46,0,3,DJI AVATA2,-10.046850726826976,0.5513902934012169,0.22150760712665452
46,1,3,DJI FPV COMBO,-13.587550158188561,0.991153372889346,-20.16466572554545
46,2,3,DJI MAVIC3 PRO,8.180886271770134,0.059790813864459634,12.044251615413373
50,0,3,DJI AVATA2,4.370903604057923,0.27925450806881635,4.308283983992732
50,1,3,DJI FPV COMBO,-16.710210729408697,0.9895998940611731,-18.914258239056252
50,2,3,DJI MAVIC3 PRO,-4.8458011704178405,0.7681265093054629,-4.826772966734775
51,0,3,DJI AVATA2,5.354630506249136,0.2902129058885104,3.9750571572103683
51,1,3,DJI FPV COMBO,-7.252393494093696,0.9448572146860633,-7.486257310044927
51,2,3,DJI MAVIC3 PRO,-11.422009293436329,1.338425866045122,-8.255764035474213
52,0,3,DJI AVATA2,2.7601073130225995,0.42715002488049536,1.6377523878981002
52,1,3,DJI FPV COMBO,-6.677626209755393,0.9600559844494194,-7.938584977814801
52,2,3,DJI MAVIC3 PRO,-6.905756875568107,0.8648388788322561,-6.850007609819933
53,0,3,DJI AVATA2,-6.7655426293660215,0.4790603540793742,2.467335378293417
53,1,3,DJI FPV COMBO,5.235397545655902,0.1075785711809431,9.322698725660489
53,2,3,DJI MAVIC3 PRO,-12.22367577321053,0.9784398284166431,-14.644749217291945
54,0,3,DJI AVATA2,-10.313594049452286,0.9460916731420196,-4.346457523727795
54,1,3,DJI FPV COMBO,-13.350165767557192,0.75499093230484,-4.321234492382311
54,2,3,DJI MAVIC3 PRO,8.282384140978316,0.06805407991751182,11.382755473387107
55,0,3,DJI AVATA2,-5.8444532827436335,0.6671214371783346,-1.89272142335268
55,1,3,DJI FPV COMBO,4.1947742806606065,0.20778704963174796,6.243028108089072
55,2,3,DJI MAVIC3 PRO,-11.291990751307315,0.9747585488447651,-11.285030020472659
56,0,3,DJI AVATA2,-0.7600179197823167,0.6455821622996698,0.540407605478959
56,1,3,DJI FPV COMBO,-2.6947217034378927,0.405889742304988,6.397080755409993
56,2,3,DJI MAVIC3 PRO,-6.186245977490342,0.9765955038391783,-11.40225104137529
58,0,2,DJI FPV COMBO,-0.5978235587420266,0.43087780740218196,2.7531867862425052
58,1,2,DJI MAVIC3 PRO,0.5978235587420273,0.45321090764828126,9.21133689603633
60,0,3,DJI AVATA2,-4.770575231707585,0.9232541591094063,-2.0583853829898424
60,1,3,DJI FPV COMBO,-0.06757794263278555,0.45249662338706254,3.3514126044489245
60,2,3,DJI MAVIC3 PRO,-4.682203048362069,0.9813027487359222,-1.8162429342886535
63,0,2,DJI AVATA2,18.501239332624145,0.1292659188807509,12.90661744362197
63,1,2,DJI MAVIC3 PRO,-18.501239332624145,1.0214417265410216,-19.210187322739028
67,0,3,DJI AVATA2,-4.903314206086055,0.9232057745997032,-3.0356372615471394
67,1,3,DJI FPV COMBO,1.2316032541650554,0.4943080997612383,0.3797459939829201
67,2,3,DJI MAVIC3 PRO,-6.433111131512633,0.9085849315341198,-6.794273934944329
68,0,3,DJI AVATA2,0.5370728505373322,0.5031670109873578,2.5048399435745416
68,1,3,DJI FPV COMBO,-2.386880212080369,0.6769848164162454,-0.36059657395807715
68,2,3,DJI MAVIC3 PRO,-9.391773292676644,0.9565974277859489,-9.832686067202403
69,0,2,DJI AVATA2,1.6680967525080803,0.5447361882699405,3.1174652802898146
69,1,2,DJI MAVIC3 PRO,-1.6680967525080805,0.7106385124908315,-0.10430465872310071
70,0,3,DJI AVATA2,-4.651402238095611,0.9801615504520131,-7.734315148232724
70,1,3,DJI FPV COMBO,1.468259088713414,0.37396053433579834,3.542751265055679
70,2,3,DJI MAVIC3 PRO,-7.167177086522424,0.6836845716283834,-3.2789778343691363
72,0,3,DJI AVATA2,-14.232085352949372,0.897840616011294,-7.733963108590719
72,1,3,DJI FPV COMBO,-1.2732978581677203,0.4306545903840053,2.2053079585132918
72,2,3,DJI MAVIC3 PRO,0.6336227817391906,0.39312502604199673,9.614997624266655
75,0,3,DJI AVATA2,-12.404156383788155,0.9542623166597141,-7.817743887026545
75,1,3,DJI FPV COMBO,9.964742104653645,0.050752366110872776,12.757785721461278
75,2,3,DJI MAVIC3 PRO,-14.127673187818615,0.6712142209218828,-3.0853775678541706
76,0,3,DJI AVATA2,2.333648711891674,0.4691047764657866,0.8849370083905361
76,1,3,DJI FPV COMBO,-6.277925171751497,0.9592142329483698,-7.166153316184303
76,2,3,DJI MAVIC3 PRO,-6.641017429707743,0.8259114837576077,-5.629576192064136
77,0,2,DJI FPV COMBO,2.8754650132448383,0.4048406049124372,10.588770072517795
77,1,2,DJI MAVIC3 PRO,-2.8754650132448383,0.6338818664091341,0.20675051039543996
78,0,2,DJI AVATA2,-0.5959947061714744,0.6274082880257172,-0.6344975032408735
78,1,2,DJI MAVIC3 PRO,0.5959947061714741,0.4905115632388997,0.9532981303420176
82,0,3,DJI AVATA2,1.0022001296575105,0.5373415205724812,2.512892230795617
82,1,3,DJI FPV COMBO,-9.94284544051769,0.9751542263329478,-14.815428279845213
82,2,3,DJI MAVIC3 PRO,-2.67775163201227,0.7355873521986438,-0.4380763403890784
83,0,3,DJI AVATA2,14.875116006485761,0.10783968682400193,11.032254577853728
83,1,3,DJI FPV COMBO,-19.65477857254988,1.0160637239406938,-27.854639679186818
83,2,3,DJI MAVIC3 PRO,-16.72634877962238,3.5801944162670294,-14.26583470761374
84,0,3,DJI AVATA2,-12.61460194816017,0.8614293208955993,-6.0874765053874995
84,1,3,DJI FPV COMBO,-13.244660003925599,0.9518604909028245,-8.977995753584407
84,2,3,DJI MAVIC3 PRO,9.68141635982736,0.06292892795702741,11.736341123051712
85,0,2,DJI FPV COMBO,3.5016772101490035,0.17914867298316425,6.792333978004831
85,1,2,DJI MAVIC3 PRO,-3.501677210149003,0.4432670412625621,4.916213703732292
86,0,3,DJI AVATA2,2.9934817386617816,0.3326824801561266,3.136424637348201
86,1,3,DJI FPV COMBO,-3.0060541426110943,0.693128727996712,-3.3496949635411486
86,2,3,DJI MAVIC3 PRO,-31.90948347595731,2.2255396582529334,-27.582490079826655
88,0,3,DJI AVATA2,-10.51730727333445,0.558249523434363,0.4784503586672275
88,1,3,DJI FPV COMBO,10.424571778190654,0.046151843744453476,13.154285074749023
88,2,3,DJI MAVIC3 PRO,-27.915591127471412,1.0598502058853334,-19.26414485452582
89,0,2,DJI AVATA2,7.5076666349239805,0.1807056103884981,7.572192286297951
89,1,2,DJI FPV COMBO,-7.5076666349239805,0.8639843333323812,-5.336598936591532
91,0,2,DJI FPV COMBO,-11.802369161645284,0.5164830580998352,1.1508905715457853
91,1,2,DJI MAVIC3 PRO,11.802369161645284,0.03243251239837891,14.752181756004694
92,0,2,DJI AVATA2,9.952432071496876,0.25242643922497854,6.979138449415876
92,1,2,DJI MAVIC3 PRO,-9.952432071496876,0.923422580633579,-8.328364838839965
93,0,2,DJI AVATA2,-6.865414009750913,0.61276066408232,-0.8327662551780813
93,1,2,DJI MAVIC3 PRO,6.865414009750912,0.11989838276669451,8.794560426308294
94,0,3,DJI AVATA2,3.039344288814605,0.4061495772781015,1.832040568177089
94,1,3,DJI FPV COMBO,-5.37129080967853,0.9511063616911511,-5.757222098965039
94,2,3,DJI MAVIC3 PRO,-9.221370862221283,0.9173585650848056,-6.0761675124284595
95,0,2,DJI AVATA2,-13.326789047344505,0.9204686979762249,-4.5680864648054245
95,1,2,DJI MAVIC3 PRO,13.326789047344505,0.040482635893826065,13.872089571008912
97,0,3,DJI AVATA2,-14.687884981813983,0.9382377567415525,-6.9179752384671875
97,1,3,DJI FPV COMBO,11.997165991642573,0.04649443505500086,13.307612105774286
97,2,3,DJI MAVIC3 PRO,-15.646702740395773,1.0619861832507507,-6.814415359087137
100,0,3,DJI AVATA2,-10.215559174253375,0.959192335728182,-11.218998595281144
100,1,3,DJI FPV COMBO,1.5130538450460496,0.27421742531875876,4.493093651795476
100,2,3,DJI MAVIC3 PRO,-3.1369917224444666,0.4738719140645629,3.148245640113742
101,0,2,DJI FPV COMBO,-16.057335513656128,0.9926844072691939,-21.198730750495614
101,1,2,DJI MAVIC3 PRO,16.057335513656128,0.042307813716663596,13.616733579814088
102,0,2,DJI AVATA2,1.815787372899995,0.46275212560536305,1.5148370052511495
102,1,2,DJI MAVIC3 PRO,-1.815787372899995,0.7417471784723625,-3.8347221410957837
105,0,2,DJI MINI3,-8.755117276986166,0.3691560385376606,9.95023302983572
105,1,2,DJI MINI4 PRO,8.755117276986166,0.04846084654206301,12.958646538030568
106,0,3,DJI AVATA2,-3.6884405653675807,0.9450407899146135,-5.2239193712455325
106,1,3,DJI FPV COMBO,-3.229541435587276,0.821340214839138,-1.0372437265443055
106,2,3,DJI MAVIC3 PRO,-2.1591406777636073,0.5775610884944743,-0.6041400345536322
108,0,2,DJI MINI3,18.75877654333169,0.006922785757519389,21.615509107168236
108,1,2,DJI MINI4 PRO,-18.75877654333169,0.5407903854410028,3.6638591490819343
109,0,2,DJI AVATA2,-3.250376222824623,0.6167714169526332,0.27472537146550197
109,1,2,DJI FPV COMBO,3.250376222824623,0.25969851856969917,4.985925179643187
110,0,2,DJI FPV COMBO,17.260532170005963,0.01639514134444144,17.813677229217753
110,1,2,DJI MAVIC3 PRO,-17.260532170005963,0.7687013002378373,-4.884035746879744
111,0,2,DJI AVATA2,-2.5957510224446545,0.5993028889638954,1.9118686563677025
111,1,2,DJI FPV COMBO,2.595751022444655,0.29304043929328205,4.58537176537962
112,0,2,DJI AVATA2,9.692015368914902,0.12586868636075654,9.587724000181463
112,1,2,DJI FPV COMBO,-9.692015368914902,0.9504519242760083,-5.892756328551172
113,0,2,DJI AVATA2,3.40501320769944,0.5059812375849393,7.108365044150494
113,1,2,DJI MAVIC3 PRO,-3.4050132076994393,0.8907673931472209,-0.8580654076742733
115,0,2,DJI AVATA2,15.188538142647491,0.14049268518050428,11.520859622730457
115,1,2,DJI FPV COMBO,-15.188538142647491,0.9787856770048384,-16.166394147885004
116,0,3,DJI AVATA2,5.68255745256438,0.24978503412141986,5.796695632533559
116,1,3,DJI FPV COMBO,-9.07066481662812,1.173153830187042,-7.493816983243523
116,2,3,DJI MAVIC3 PRO,-9.421448406744679,0.9472231537730851,-9.862398572439426
119,0,3,DJI AVATA2,5.677714910737417,0.2632411919912817,4.623977218686931
119,1,3,DJI FPV COMBO,-8.291903872137468,0.9451438069514949,-8.481539620173926
119,2,3,DJI MAVIC3 PRO,-10.383485797380787,1.1219941615530347,-7.385433247401295
121,0,3,DJI AVATA2,-4.320385478831912,0.6827632853170517,-3.322923238054947
121,1,3,DJI FPV COMBO,-12.556803103274026,1.014726870375119,-26.402772286748363
121,2,3,DJI MAVIC3 PRO,3.222827420164286,0.28107986052060285,4.079947538087632
122,0,3,DJI AVATA2,7.449362232326742,0.22759300723463902,5.642148735037992
122,1,3,DJI FPV COMBO,-8.43841583104089,1.305079592683983,-15.930335605913555
122,2,3,DJI MAVIC3 PRO,-15.540545150374037,0.9893802053657292,-18.24702307641229
123,0,2,DJI AVATA2,-4.527674782917053,0.54176348409092,3.630579547534394
123,1,2,DJI MAVIC3 PRO,4.527674782917052,0.16659606193748946,7.357804522333505
124,0,3,DJI AVATA2,-2.501901727829441,0.5910738811785922,2.120978066576018
124,1,3,DJI FPV COMBO,2.276790600099754,0.30318094703552784,4.50499233721372
124,2,3,DJI MAVIC3 PRO,-19.146696663771973,0.9993009872081148,-22.232778960466874
125,0,3,DJI AVATA2,8.072127054292084,0.19228764893728906,7.364049001726794
125,1,3,DJI FPV COMBO,-10.602180075985236,1.2896996213723162,-8.11049314078155
125,2,3,DJI MAVIC3 PRO,-12.369435766699349,0.9614857686927669,-12.970222216545205
127,0,2,DJI MINI3,32.747390607644206,0.0009373093070143497,30.461404166086087
127,1,2,DJI MINI4 PRO,-32.747390607644206,0.9294855696858622,-7.92779782254327
128,0,2,DJI MINI3,-2.0147111331968377,0.5217588723365453,13.501700427611581
128,1,2,DJI MINI4 PRO,2.0147111331968377,0.31720691431037545,4.998679925079047
129,0,3,DJI AVATA2,-3.312549290581546,0.4881314158426397,5.363752838388188
129,1,3,DJI FPV COMBO,-25.72619386837645,1.127115294550898,-24.54936954016015
129,2,3,DJI MAVIC3 PRO,3.2592415467709874,0.1847323422057518,6.754167877517653
130,0,2,DJI MINI3,4.79546038224022,0.25347061955270167,4.727863111707108
130,1,2,DJI MINI4 PRO,-4.795460382240218,0.7526764031643739,-4.830210407502047
131,0,3,DJI AVATA2,-1.2585146952133646,0.5306115029528967,0.33032307997309385
131,1,3,DJI FPV COMBO,1.1941799573131793,0.44926680019985615,4.707764062763105
131,2,3,DJI MAVIC3 PRO,-24.384497377485808,1.241945392266415,-18.954701157535816
132,0,3,DJI AVATA2,-4.127996391950827,0.9262366273658381,-2.127496715808693
132,1,3,DJI FPV COMBO,-1.4790849677097722,0.4645992246301889,2.8657510082453936
132,2,3,DJI MAVIC3 PRO,-3.5656601271717596,0.795748064384531,-0.6325085167638084
133,0,3,DJI AVATA2,-12.614453017577375,0.9607692017738184,-9.412480990671586
133,1,3,DJI FPV COMBO,6.626492316301431,0.11949136725606314,8.7318831918801
133,2,3,DJI MAVIC3 PRO,-8.384624322961633,0.6535409030839866,-2.404652648057283
134,0,3,DJI AVATA2,-10.467178897764722,0.9840695361464525,-14.26417683876968
134,1,3,DJI FPV COMBO,-8.28534076584767,0.7215323567394538,-3.7289161385793337
134,2,3,DJI MAVIC3 PRO,5.711450227713365,0.15872881944689293,7.249425611663303
137,0,3,DJI AVATA2,8.41921578506865,0.2226608168817227,5.980808458442585
137,1,3,DJI FPV COMBO,-8.579645623610286,1.3461940979765445,-15.887164387153474
137,2,3,DJI MAVIC3 PRO,-23.954685568682986,1.1777248342035067,-25.19155949207029
138,0,2,DJI AVATA2,13.720277044177303,0.14955926376515827,10.815378252494394
138,1,2,DJI FPV COMBO,-13.720277044177303,0.9662903608854226,-14.525886719314666
139,0,2,DJI FPV COMBO,8.370780311832608,0.07801851460052575,10.741878194125423
139,1,2,DJI MAVIC3 PRO,-8.370780311832608,0.5372529479348679,0.30422776760773995
140,0,3,DJI AVATA2,-7.919219106492978,0.9267628921407042,-5.029475256697578
140,1,3,DJI FPV COMBO,-2.672690586878419,0.4427374498107325,3.554053055455867
140,2,3,DJI MAVIC3 PRO,0.17644405361604967,0.3419566045720721,3.315363629261248
141,0,3,DJI AVATA2,-8.14078796581335,0.8546572865151235,-7.033924149578217
141,1,3,DJI FPV COMBO,7.630732046503815,0.1347626992589219,8.566761794864515
141,2,3,DJI MAVIC3 PRO,-18.434349823819648,0.9379820925019815,-9.915431915831846
142,0,2,DJI MINI3,12.377632126048857,0.06514512343176113,11.736896233607343
142,1,2,DJI MINI4 PRO,-12.377632126048857,0.9506575224369751,-9.291832296021044
143,0,3,DJI AVATA2,7.66267922369222,0.10120003590157572,9.684961584857218
143,1,3,DJI FPV COMBO,-7.795935242288181,0.5174330717352671,-0.03970795910942473
143,2,3,DJI MAVIC3 PRO,-24.19767763366458,1.0654618484325067,-20.74173728165269
144,0,3,DJI AVATA2,8.354401832529707,0.22041626865247738,6.00449412327129
144,1,3,DJI FPV COMBO,-8.596801474241843,1.3390093249489146,-16.132144885266484
144,2,3,DJI MAVIC3 PRO,-22.135146934214234,1.098208491176313,-24.320346910581424
145,0,3,DJI AVATA2,-15.784514870015498,0.9292400326589486,-6.168119727133229
145,1,3,DJI FPV COMBO,11.771981154682301,0.03392704414758842,14.546853927478516
145,2,3,DJI MAVIC3 PRO,-14.199185001853428,0.5996302157131066,-1.4959975339816962
147,0,3,DJI AVATA2,-9.588577094837616,0.47739009305635205,2.4774994257151643
147,1,3,DJI FPV COMBO,9.279825972820694,0.05149104726260538,12.657273586159574
147,2,3,DJI MAVIC3 PRO,-21.82414620261303,0.9555493645637277,-13.24772126764743
148,0,2,DJI MINI3,-24.19810754898571,1.0422739481659138,-40.34107071082818
148,1,2,DJI MINI4 PRO,24.19810754898571,0.01194994282838994,19.909013821241913
151,0,3,DJI AVATA2,-2.8643767954841284,0.8509935961477683,-0.9942776726542973
151,1,3,DJI FPV COMBO,-9.584791430832823,1.0030023160367691,-27.338717155666885
151,2,3,DJI MAVIC3 PRO,1.0479386746621242,0.5660316351958518,1.4936981938950833
152,0,2,DJI AVATA2,6.887715378565202,0.2556112370669203,4.776531022086225
152,1,2,DJI FPV COMBO,-6.887715378565202,0.998945159865369,-29.50511631082685
153,0,3,DJI AVATA2,1.585274574893034,0.32460798055104423,3.2277989644115017
153,1,3,DJI FPV COMBO,-12.286971709735624,0.9485866835000034,-11.147868268557994
153,2,3,DJI MAVIC3 PRO,-2.612736528668816,0.47960912209821294,1.6431429231174335
154,0,3,DJI AVATA2,9.652239353694588,0.13618851091880765,8.910807197795677
154,1,3,DJI FPV COMBO,-10.453082392249687,1.1178100223600482,-7.158011774616682
154,2,3,DJI MAVIC3 PRO,-18.144153596088366,0.993258926718696,-20.261622951096662
156,0,3,DJI AVATA2,2.5052824790734185,0.3731315598113732,2.344329095170502
156,1,3,DJI FPV COMBO,-18.22203429948289,1.0396018210592006,-19.71671059896779
156,2,3,DJI MAVIC3 PRO,-2.787696820494739,0.6707522360617973,-3.079542591735105
157,0,3,DJI AVATA2,-7.574124789806536,0.5190442810911291,0.5452975734460779
157,1,3,DJI FPV COMBO,-8.57973331848853,0.9700948393563803,-8.782852193705766
157,2,3,DJI MAVIC3 PRO,4.306423012220739,0.11968190566673739,8.891669320351236
158,0,3,DJI AVATA2,2.301524200925111,0.44390421229972615,1.3061095173300639
158,1,3,DJI FPV COMBO,-6.631104066568655,0.9514972603207266,-6.987604610802248
158,2,3,DJI MAVIC3 PRO,-6.2389400577292236,0.7792944288750452,-5.107834986952154
159,0,3,DJI AVATA2,-12.240859328404778,0.9493362980657417,-6.183926391993464
159,1,3,DJI FPV COMBO,7.725166766419049,0.0763821990502882,10.828434171228098
159,2,3,DJI MAVIC3 PRO,-10.14842357001666,0.506768331576344,0.55215534612413
160,0,3,DJI AVATA2,3.8158501345230142,0.2678184997546228,4.692950336273278
160,1,3,DJI FPV COMBO,-10.314939384924024,0.9596706637396359,-8.057855045205134
160,2,3,DJI MAVIC3 PRO,-5.796862888070281,0.8012143325083447,-6.013059795333156
162,0,2,DJI FPV COMBO,-11.849847326225643,0.5368735838994544,0.37018285043011917
162,1,2,DJI MAVIC3 PRO,11.849847326225643,0.03342764946400646,14.626269965225806
163,0,3,DJI AVATA2,-5.509273631511303,0.934819032359173,-3.0508496929257625
163,1,3,DJI FPV COMBO,0.12257932673107572,0.384397172687198,2.8593552901045975
163,2,3,DJI MAVIC3 PRO,-4.244096838067261,0.4476462203810371,2.605380676439565
164,0,3,DJI AVATA2,4.7610323199355005,0.2951607082787632,3.841094303183816
164,1,3,DJI FPV COMBO,-8.736804630131097,0.9423681916441825,-8.640413981690608
164,2,3,DJI MAVIC3 PRO,-8.161961769399555,0.921639844438286,-6.559920766742716
165,0,3,DJI AVATA2,-5.006489930579399,0.9434580628185141,-3.623968437523073
165,1,3,DJI FPV COMBO,-0.07089607245401745,0.4261679784848918,2.3567036211262766
165,2,3,DJI MAVIC3 PRO,-4.450490514385035,0.48505393422352355,1.5662132022328246
166,0,3,DJI AVATA2,-5.15406932271569,0.5884190635362738,-0.9261475009188749
166,1,3,DJI FPV COMBO,-23.113433511310753,1.0225519391799605,-26.883656338903496
166,2,3,DJI MAVIC3 PRO,5.037121224091418,0.17379591827460403,6.818396140462379
167,0,3,DJI AVATA2,-12.60455193927125,0.9416048671542107,-5.222820373326641
167,1,3,DJI FPV COMBO,10.701132229756256,0.050455018164011434,12.746538143389294
167,2,3,DJI MAVIC3 PRO,-15.67129704498386,0.856275024341579,-5.38523304632034
168,0,3,DJI AVATA2,9.765325062450973,0.1754469406401896,7.9639833428459825
168,1,3,DJI FPV COMBO,-11.234566806875883,1.70324095020619,-12.985677386033519
168,2,3,DJI MAVIC3 PRO,-15.824961981836818,0.9723335669330883,-15.350677259988181
169,0,2,DJI AVATA2,-13.148714161490322,0.727303590441573,-3.3775597469009604
169,1,2,DJI FPV COMBO,13.148714161490322,0.031130237779831538,14.937215112843663
170,0,2,DJI AVATA2,9.19702987746567,0.21672327591497637,6.400381458464373
170,1,2,DJI FPV COMBO,-9.19702987746567,0.9454422723517124,-9.06028538878067
171,0,2,DJI FPV COMBO,-7.26882891739883,0.5308367685948018,0.03153032842101135
171,1,2,DJI MAVIC3 PRO,7.26882891739883,0.10307529249138529,9.419648588716793
172,0,2,DJI AVATA2,4.779346931883791,0.28026704526256785,4.10526091186825
172,1,2,DJI FPV COMBO,-4.779346931883791,0.8232109484651956,-6.485148367786019
173,0,2,DJI AVATA2,5.653428351465926,0.31798303677238926,3.317636964309641
173,1,2,DJI FPV COMBO,-5.653428351465926,0.9548883291203344,-6.413638402392862
177,0,2,DJI MINI3,-6.041543009785103,0.5210470706235426,9.297014631197426
177,1,2,DJI MINI4 PRO,6.0415430097851015,0.12598351199835486,8.989110387782446
178,0,3,DJI AVATA2,-1.993129530037005,0.6227020352982249,-0.38082147196229554
178,1,3,DJI FPV COMBO,1.00961265691008,0.41345138825714156,2.594613077614392
178,2,3,DJI MAVIC3 PRO,-12.358730841470182,0.9693492974019774,-12.87133119347458
179,0,2,DJI AVATA2,-13.94695988831886,0.9301513893481509,-5.13818045982378
179,1,2,DJI FPV COMBO,13.94695988831886,0.03479270185074815,14.489172236860933
183,0,2,DJI FPV COMBO,-24.306115160322022,1.0059665460059453,-18.76742744301449
183,1,2,DJI MAVIC3 PRO,24.306115160322022,0.03214433041197354,14.990214542573737
184,0,2,DJI MINI3,26.785424023957486,0.004675950784179222,23.690986134955114
184,1,2,DJI MINI4 PRO,-26.785424023957486,0.9000462142303609,-8.37258167746471
185,0,2,DJI AVATA2,-5.646857085642374,0.48296360535429966,3.802217865542749
185,1,2,DJI MAVIC3 PRO,5.646857085642374,0.11054325396588058,9.064991320015164
186,0,2,DJI MINI3,-19.186882281500633,1.0260755986752585,-21.653957502745445
186,1,2,DJI MINI4 PRO,19.186882281500633,0.015618047382411978,17.999908272300928
187,0,3,DJI AVATA2,-14.115742446124608,0.9443741252526132,-8.130373625751933
187,1,3,DJI FPV COMBO,7.730817789924769,0.08359250726005527,10.401101766095909
187,2,3,DJI MAVIC3 PRO,-9.21580183733171,0.5605748941439513,-0.5106678684271244
188,0,3,DJI AVATA2,-9.475755510104642,0.9840442810555805,-13.700843300422111
188,1,3,DJI FPV COMBO,-7.036207051849822,0.7017713275256282,-3.4926154550434685
188,2,3,DJI MAVIC3 PRO,4.395367785021547,0.20644140247858755,5.849302215801426
189,0,2,DJI MINI3,22.781777776518055,0.004101793806805881,24.194546450012616
189,1,2,DJI MINI4 PRO,-22.781777776518055,0.7103933338427527,-3.766430940484718
190,0,2,DJI MINI3,22.648305644089763,0.0057381682947452535,22.726468268217822
190,1,2,DJI MINI4 PRO,-22.648305644089763,0.886450388636732,-5.1949479180321845
191,0,2,DJI MINI3,-1.0354790710634256,0.3914131900188915,10.086789466907993
191,1,2,DJI MINI4 PRO,1.0354790710634252,0.25818180511450795,4.857052546384399
192,0,3,DJI AVATA2,0.9003188634220509,0.5467733158685195,1.957722171855795
192,1,3,DJI FPV COMBO,-8.362176390803741,0.9656730160174699,-12.270169369349087
192,2,3,DJI MAVIC3 PRO,-3.251563314167265,0.8138169441597822,-0.9395979437572577
193,0,3,DJI AVATA2,8.287985475980653,0.1927238705902655,8.332276503970185
193,1,3,DJI FPV COMBO,-8.443681767872016,1.0096822388705553,-6.3880363866141625
193,2,3,DJI MAVIC3 PRO,-23.984809881483777,1.1955677804055729,-23.04162129245188
196,0,3,DJI AVATA2,-7.7577161078334544,1.165519997742103,-13.624275962936272
196,1,3,DJI FPV COMBO,-16.775766827910648,0.9358240028368162,-11.361538728455624
196,2,3,DJI MAVIC3 PRO,7.070238019396513,0.2139760511228966,5.743159611517058
198,0,3,DJI AVATA2,-8.85290861413367,0.7927788111564891,-5.801319388636729
198,1,3,DJI FPV COMBO,-20.96675027921414,0.9887688308413196,-17.26711864619636
198,2,3,DJI MAVIC3 PRO,8.524319425924883,0.09888873823618322,9.597208774316229
199,0,2,DJI AVATA2,15.842425293215802,0.13225780907234655,12.405533838341396
199,1,2,DJI MAVIC3 PRO,-15.842425293215802,0.9882956208531675,-17.22349591476585
202,0,2,DJI MINI3,-23.90677555099098,1.095381331962475,-9.919919286981173
202,1,2,DJI MINI4 PRO,23.90677555099098,0.007203325127226427,21.636077740854628
203,0,3,DJI AVATA2,-1.6259252793324988,0.5597564540835361,1.7361670526581414
203,1,3,DJI FPV COMBO,0.48801303870641155,0.41356300602015433,2.583075169198627
203,2,3,DJI MAVIC3 PRO,-11.618087531495146,0.9645708792276175,-12.046419212768205
204,0,3,DJI AVATA2,8.076170916865484,0.11793245791003162,8.868134373223688
204,1,3,DJI FPV COMBO,-10.228627653304649,0.8677838511887553,-5.337729417554859
204,2,3,DJI MAVIC3 PRO,-12.96467292020296,0.9787815981514704,-13.805251820620994
205,0,3,DJI AVATA2,-0.1557049021565944,0.47171187516565166,0.9500375222585778
205,1,3,DJI FPV COMBO,-0.38545177458838076,0.5023871311125538,2.0858714639776452
205,2,3,DJI MAVIC3 PRO,-14.930004507103344,0.9427925591226135,-12.0154400467922
206,0,2,DJI AVATA2,7.888314648123677,0.21481087788321446,6.783515253173124
206,1,2,DJI MAVIC3 PRO,-7.888314648123678,0.9483676686788151,-8.705987403926711
207,0,2,DJI AVATA2,-3.362182071332653,0.6129627476742905,0.706851901242614
207,1,2,DJI FPV COMBO,3.362182071332653,0.25211054454459797,5.186000976159134
208,0,2,DJI AVATA2,-9.913477327073327,0.5350295001905302,1.3879800261218345
208,1,2,DJI FPV COMBO,9.913477327073327,0.04903269905145962,12.877832895916182
209,0,3,DJI AVATA2,0.7488298514227297,0.40228630265005916,2.3915675332205346
209,1,3,DJI FPV COMBO,-3.5455619387796764,0.45047557508137825,2.7179059239818604
209,2,3,DJI MAVIC3 PRO,-7.517250518223792,0.95564464139509,-8.301576824455575
213,0,3,DJI AVATA2,-7.848850773627372,0.6374702913334315,-2.329164520081862
213,1,3,DJI FPV COMBO,7.743968780548634,0.10229317582359462,9.50556277013459
213,2,3,DJI MAVIC3 PRO,-25.289070802389382,1.0122160215465108,-16.657578192730494
215,0,2,DJI AVATA2,-4.621523763323041,0.6208870673421476,0.13430163441662557
215,1,2,DJI FPV COMBO,4.621523763323041,0.19225220136656354,6.518933869629921
218,0,2,DJI AVATA2,-8.867379825276029,0.6385820369511503,-1.219325031864416
218,1,2,DJI FPV COMBO,8.867379825276029,0.07586727074923533,10.922453602514919
219,0,2,DJI AVATA2,9.957407935623717,0.1619369678803694,8.967934416158368
219,1,2,DJI FPV COMBO,-9.957407935623717,0.9715375132502488,-13.584911582778943
220,0,2,DJI AVATA2,-2.9693251480736245,0.6838844280779112,-2.9332986053533117
220,1,2,DJI MAVIC3 PRO,2.969325148073625,0.33862552731916484,3.251767436799378
222,0,2,DJI AVATA2,-11.963987405838846,0.7105932053973881,-2.4131683434674733
222,1,2,DJI FPV COMBO,11.963987405838846,0.03954412507518459,13.87520695694134
223,0,3,DJI AVATA2,5.791684947358309,0.22941296688668816,5.664994127238325
223,1,3,DJI FPV COMBO,-17.61914077505848,1.0045443311249924,-17.735602263788753
223,2,3,DJI MAVIC3 PRO,-6.253438271761019,0.8123749106969603,-5.6554590003650524
224,0,3,DJI AVATA2,8.61252902292337,0.2491144303838649,7.075268610096749
224,1,3,DJI FPV COMBO,-11.980631011667011,0.9476817535613163,-12.081644860860973
224,2,3,DJI MAVIC3 PRO,-11.84406519378375,2.0687541575647392,-12.06650074561685
225,0,2,DJI AVATA2,-13.475666030577482,0.8190652312240563,-6.350362966634702
225,1,2,DJI FPV COMBO,13.475666030577484,0.034959909708549966,14.41964254375395
227,0,3,DJI AVATA2,15.127489854841102,0.13652501527012165,11.841809760594337
227,1,3,DJI FPV COMBO,-25.839809863147366,1.3928520586174404,-25.970043784627748
227,2,3,DJI MAVIC3 PRO,-15.535599444154915,3.0359472607345497,-14.656490880492363
228,0,3,DJI AVATA2,-7.173671243557486,0.6026862164938077,2.701012071386491
228,1,3,DJI FPV COMBO,-18.499343826220475,0.9680052745211593,-14.159891448278039
228,2,3,DJI MAVIC3 PRO,6.740277805376889,0.10507275460982217,9.6811399755294
230,0,2,DJI FPV COMBO,14.086262518127894,0.018633234172693594,17.242215452834934
230,1,2,DJI MAVIC3 PRO,-14.086262518127894,0.5392045984865458,0.7843731918224657
231,0,3,DJI AVATA2,-0.1807578803424304,0.4822993031649061,1.1922774334081754
231,1,3,DJI FPV COMBO,-10.245139828799356,0.9704147420622543,-12.080501104958508
231,2,3,DJI MAVIC3 PRO,-1.329621737565917,0.5653096319336377,-0.013916196711613022
232,0,2,DJI AVATA2,-1.0190225147737648,0.5263659915796567,5.547120823343215
232,1,2,DJI MAVIC3 PRO,1.019022514773765,0.36393057958368324,3.7458592078712294
234,0,3,DJI AVATA2,17.987336341627902,0.13653682311816248,12.308931688120243
234,1,3,DJI FPV COMBO,-19.849502388202403,7.784928847301352,-26.218746135506017
234,2,3,DJI MAVIC3 PRO,-22.652563595538027,1.1636534236955813,-23.889790768334613
235,0,2,DJI MINI3,-6.841537809952513,0.5001321894184052,15.690345010678705
235,1,2,DJI MINI4 PRO,6.841537809952511,0.09420835993661424,10.299717097152568
237,0,3,DJI AVATA2,-12.415850901269014,0.8738022497933586,-7.2485325200406425
237,1,3,DJI FPV COMBO,11.236051588474883,0.052333698472335544,12.618675073637034
237,2,3,DJI MAVIC3 PRO,-17.96059791006807,0.9847400876736568,-18.03554535333729
238,0,3,DJI AVATA2,1.7060368388618214,0.46508662839450343,1.8471980049749046
238,1,3,DJI FPV COMBO,-1.7974848892070459,0.7192733276534503,-3.278347246596198
238,2,3,DJI MAVIC3 PRO,-22.940183549877986,1.0177364680684093,-18.64296706464658
240,0,3,DJI AVATA2,-13.650168426172065,0.7892832339761576,-5.7264031705122065
240,1,3,DJI FPV COMBO,13.037363506719757,0.03315523102445706,14.651521351893557
240,2,3,DJI MAVIC3 PRO,-22.212847573423492,0.94258886558987,-11.895404736111296
242,0,3,DJI AVATA2,-14.209572215042341,0.9497660494050045,-8.14130026871523
242,1,3,DJI FPV COMBO,-11.810802524593083,0.5732154797941145,-1.061488145136932
242,2,3,DJI MAVIC3 PRO,9.621215052225015,0.053395780246759096,12.49058390778898
247,0,2,DJI MINI3,-42.35358873737863,1.8816897244577453,-21.54731407068537
247,1,2,DJI MINI4 PRO,42.35358873737863,0.0011635201274282244,29.64230182924272
249,0,3,DJI AVATA2,8.466162578214453,0.130881317039096,8.227772137522578
249,1,3,DJI FPV COMBO,-11.61781597268828,0.8991230865504496,-5.517873494550084
249,2,3,DJI MAVIC3 PRO,-11.937501730313942,0.9936089488843171,-21.59848870755544
251,0,3,DJI AVATA2,-19.855561061234564,1.3209531255460247,-10.060195082087075
251,1,3,DJI FPV COMBO,-34.338262287205865,1.2443290405954897,-20.112489931987625
251,2,3,DJI MAVIC3 PRO,19.70044018867258,0.01495333724281104,18.402274173940246
255,0,3,DJI AVATA2,-1.70405053328876,0.7227684549920405,-4.063361010456127
255,1,3,DJI FPV COMBO,1.4709164264410692,0.450415356504852,1.0652146833401963
255,2,3,DJI MAVIC3 PRO,-18.81014310676661,0.9897871041048275,-15.420548165613825
257,0,2,DJI AVATA2,22.107212372621543,0.12210072195198078,13.639018485326726
257,1,2,DJI MAVIC3 PRO,-22.107212372621543,1.124244862454856,-23.177280740959958
261,0,3,DJI AVATA2,-13.927051835220308,0.8519897733375671,-7.020866448707235
261,1,3,DJI FPV COMBO,12.581576040167409,0.037033382272947474,14.156500885282743
261,2,3,DJI MAVIC3 PRO,-18.673147940644373,0.939284643946308,-9.978343441296518
263,0,3,DJI AVATA2,9.047903920045622,0.17219326402599894,8.351526893495754
263,1,3,DJI FPV COMBO,-25.933230309129538,1.4107671736984022,-27.194479576284248
263,2,3,DJI MAVIC3 PRO,-9.16127136769971,1.0884385089334754,-8.455517624909964
264,0,3,DJI AVATA2,-15.245257169697378,0.9434926659309929,-10.523912038796402
264,1,3,DJI FPV COMBO,-1.495880610800719,0.5392419215390506,0.9896045223890982
264,2,3,DJI MAVIC3 PRO,0.981304188525548,0.3858183172165848,2.594303402554034
266,0,2,DJI FPV COMBO,-0.34356966712921533,0.393370261374595,9.938023820964922
266,1,2,DJI MAVIC3 PRO,0.34356966712921533,0.3013419332604502,3.991900006591674
267,0,3,DJI AVATA2,-0.4402007217847515,0.5355882832830301,4.314382394446541
267,1,3,DJI FPV COMBO,0.1255449686022553,0.43593289350649717,2.779931272653244
267,2,3,DJI MAVIC3 PRO,-17.345873548547072,0.9888976079607192,-19.118183590383122
268,0,2,DJI AVATA2,6.399389529355534,0.28169207738028756,4.115733402645657
268,1,2,DJI FPV COMBO,-6.399389529355535,0.9539356737565905,-7.064804067384523
269,0,2,DJI AVATA2,-6.318572501102647,0.6373639814085875,0.27327029201044467
269,1,2,DJI MAVIC3 PRO,6.318572501102649,0.13768902538813496,8.361176130379128
270,0,3,DJI AVATA2,-12.645558680284555,0.8165092666190105,-6.251389122212121
270,1,3,DJI FPV COMBO,10.593466668403472,0.05377355750314079,12.456206444589606
270,2,3,DJI MAVIC3 PRO,-15.301981453462686,0.9449428161344253,-8.583629437762804
272,0,3,DJI AVATA2,-14.717289383149517,0.9324722560934451,-6.082771482873278
272,1,3,DJI FPV COMBO,8.354812503394358,0.06159421524184168,11.848581265733118
272,2,3,DJI MAVIC3 PRO,-9.799655947274392,0.4375554675332452,2.4822993480727362
274,0,3,DJI AVATA2,-0.12796233773951832,0.5266967890460098,0.716093400025825
274,1,3,DJI FPV COMBO,-10.009871670758217,0.9742957103472727,-13.79389174620722
274,2,3,DJI MAVIC3 PRO,-1.4616825090497574,0.5891309363472732,-0.6355186442960608
276,0,3,DJI AVATA2,-2.803314697966561,0.7187534263196484,-3.7534803178936738
276,1,3,DJI FPV COMBO,1.8369573529334058,0.3877008506564221,2.501382944712854
276,2,3,DJI MAVIC3 PRO,-12.625894057545393,0.9583587110213089,-12.079632752233142
277,0,2,DJI MINI3,-32.158885695904246,0.8855254888466824,-7.014228163806716
277,1,2,DJI MINI4 PRO,32.158885695904246,0.001100442658228007,29.69065411972892
278,0,2,DJI AVATA2,-13.192690269564157,0.9275200508803085,-4.097850626099989
278,1,2,DJI FPV COMBO,13.192690269564157,0.037849186025991716,14.083602538892634
279,0,2,DJI AVATA2,19.650656759069555,0.1282240253784834,13.337538542673057
279,1,2,DJI MAVIC3 PRO,-19.650656759069555,1.0499215039276293,-20.45819150095167
282,0,3,DJI AVATA2,11.432729676469812,0.2149928018741229,10.415182928627909
282,1,3,DJI FPV COMBO,-16.391106972850015,0.9981647805278753,-17.420337983596312
282,2,3,DJI MAVIC3 PRO,-13.30479669030944,2.8336990180303916,-14.246721518372336
284,0,2,DJI AVATA2,-10.39251318505597,0.6481498616722045,-2.078625800960088
284,1,2,DJI FPV COMBO,10.392513185055972,0.05380822715671893,12.452450573315483
285,0,2,DJI FPV COMBO,-2.140326849942732,0.7305135464782594,0.18863438472658456
285,1,2,DJI MAVIC3 PRO,2.1403268499427326,0.5316700993808423,5.561979109208125
288,0,3,DJI AVATA2,-3.1198513622467945,0.9427389705385552,-2.5915168915239994
288,1,3,DJI FPV COMBO,-0.30656868965699474,0.6336342505799397,-0.6767726411649793
288,2,3,DJI MAVIC3 PRO,-6.300456280633774,0.7407104059408383,-4.134942611095042
290,0,3,DJI AVATA2,-18.425997767822633,0.9443948671650837,-12.30019524645451
290,1,3,DJI FPV COMBO,-1.5808056692424308,0.3948296683172687,8.468867824074492
290,2,3,DJI MAVIC3 PRO,1.3277621421577468,0.24585889126130556,5.033301008727177
291,0,2,DJI AVATA2,15.781648629987252,0.13707179055966523,11.725597654280532
291,1,2,DJI FPV COMBO,-15.781648629987252,0.9801202919448601,-16.086740849481494
292,0,2,DJI MINI3,35.29759594883382,0.001871379501168934,28.22916556403991
292,1,2,DJI MINI4 PRO,-35.29759594883382,1.1155294861909986,-16.95670177315638
293,0,2,DJI MINI3,-12.126979492246452,0.9050023908480975,-3.683065226818095
293,1,2,DJI MINI4 PRO,12.126979492246452,0.1015211306160861,10.520035473883585
295,0,2,DJI AVATA2,10.550451622577299,0.13143928590292253,8.704958744095713
295,1,2,DJI FPV COMBO,-10.550451622577299,0.9790151805681502,-13.719280982353087
296,0,2,DJI MINI3,-2.752799161570463,0.879140294536704,-0.07492942089542565
296,1,2,DJI MINI4 PRO,2.7527991615704632,0.5217307238276151,8.610429841960613
300,0,2,DJI MINI3,-5.934344484283624,0.8170746832122442,-6.102122546595593
300,1,2,DJI MINI4 PRO,5.934344484283624,0.20529874894764205,6.205937803619656
301,0,2,DJI AVATA2,-14.082495825408428,0.7555622449134546,-4.865200467593268
301,1,2,DJI MAVIC3 PRO,14.082495825408428,0.027846716129547856,15.432109453436533
302,0,3,DJI AVATA2,-13.45980250208996,0.9450805070119811,-8.584841157499316
302,1,3,DJI FPV COMBO,4.902677600501164,0.13990772076183666,8.024069490126731
302,2,3,DJI MAVIC3 PRO,-5.987333564896438,0.48462576864864726,3.694284854467846
304,0,2,DJI MINI3,-2.7932207674499527,0.9454891299429445,-12.285163985432423
304,1,2,DJI MINI4 PRO,2.7932207674499527,0.49490821570084914,2.4059626508165715
305,0,3,DJI AVATA2,-12.660452798867226,0.959624254468532,-9.08442605267085
305,1,3,DJI FPV COMBO,-7.930366018722898,0.5216640573417103,0.254938317447416
305,2,3,DJI MAVIC3 PRO,6.293935070298691,0.10967456555383953,9.101115930479429
308,0,3,DJI AVATA2,0.22476626066790617,0.5490255724939016,1.5172690804400621
308,1,3,DJI FPV COMBO,-9.32570256958786,0.9773967146269799,-14.640265921941955
308,2,3,DJI MAVIC3 PRO,-2.08037518967842,0.6632562823400222,-0.0521284191942676
309,0,2,DJI MINI3,-31.592357893450846,0.9255167425173244,-10.827632376086163
309,1,2,DJI MINI4 PRO,31.592357893450846,0.0019614294851751967,27.099899264967462
310,0,2,DJI MINI3,-43.34766533924206,2.325515709073598,-22.727211602674036
310,1,2,DJI MINI4 PRO,43.34766533924206,0.0027904337141458025,25.701686531873772
312,0,3,DJI AVATA2,6.133640929311081,0.2802536237860528,4.149137362749345
312,1,3,DJI FPV COMBO,-7.1872422227921895,1.210608392747191,-15.63613301361861
312,2,3,DJI MAVIC3 PRO,-14.350476970669106,0.9758817882742195,-15.979627558583978
313,0,3,DJI AVATA2,0.03901744903319894,0.5133973232027332,3.8041415612751983
313,1,3,DJI FPV COMBO,-1.1017172428241122,0.5111786606509524,1.766743989275335
313,2,3,DJI MAVIC3 PRO,-11.885807879482137,0.9987248139854061,-23.53517304487511
314,0,2,DJI FPV COMBO,22.17654152753895,0.014967871413467008,18.2134037006538
314,1,2,DJI MAVIC3 PRO,-22.17654152753895,0.9323723638590139,-11.181270716745711
315,0,2,DJI MINI3,-2.2874039013953724,0.5514953725650006,5.146491123154321
315,1,2,DJI MINI4 PRO,2.2874039013953724,0.29902117301465336,4.87515636419102
316,0,3,DJI AVATA2,-0.670190245881572,0.5384977461482982,2.948853340893609
316,1,3,DJI FPV COMBO,-13.102229733884565,0.9963760101729092,-22.74116597282753
316,2,3,DJI MAVIC3 PRO,-0.14185895367470944,0.44801587894049644,2.4221386620297096
318,0,3,DJI AVATA2,3.736384885399854,0.3498006298209128,2.7215351859586443
318,1,3,DJI FPV COMBO,-8.815658686536032,0.9588467101100839,-10.181401034011957
318,2,3,DJI MAVIC3 PRO,-6.551124690037574,0.9325915313184293,-8.355594697317445
319,0,3,DJI AVATA2,-6.195763347922995,0.47911356673803,2.8522944820055365
319,1,3,DJI FPV COMBO,-26.542153079699588,1.173774536681171,-20.938041142776612
319,2,3,DJI MAVIC3 PRO,6.134495136090861,0.113382581743185,8.934791318155206
320,0,2,DJI MINI3,-27.331636792718328,0.7377564491170768,-4.464172009720395
320,1,2,DJI MINI4 PRO,27.331636792718328,0.0016540600880318823,27.964019749211673
321,0,2,DJI AVATA2,21.037003451920576,0.08220298887168703,12.31645770859192
321,1,2,DJI MAVIC3 PRO,-21.037003451920576,1.0116542864396247,-22.829068275524374
322,0,2,DJI FPV COMBO,18.23668660325154,0.012851529550433113,18.962447175993347
322,1,2,DJI MAVIC3 PRO,-18.23668660325154,0.8939497040570829,-4.390594144307772
323,0,3,DJI AVATA2,-2.4393935310822643,0.6291742434441657,-0.2705198436047491
323,1,3,DJI FPV COMBO,1.3526133016937956,0.3672195069463108,3.4373745866294647
323,2,3,DJI MAVIC3 PRO,-11.980321476430651,0.9857674406436534,-17.148496330889284
324,0,3,DJI AVATA2,-11.749561618000893,0.7439886827796762,-4.535671467900323
324,1,3,DJI FPV COMBO,10.500443284600303,0.05165486539435635,12.657356870024303
324,2,3,DJI MAVIC3 PRO,-17.089523012520523,0.9483547818679506,-10.331205146392753
326,0,2,DJI FPV COMBO,10.605337148757464,0.0410516480352299,13.736646673317631
326,1,2,DJI MAVIC3 PRO,-10.60533714875746,0.5193251912773602,0.7498958696325358
327,0,2,DJI AVATA2,13.531996693153483,0.07560060282892805,11.35473768512028
327,1,2,DJI FPV COMBO,-13.531996693153483,0.9791723454183944,-15.531355485896835
328,0,3,DJI AVATA2,4.718355707327063,0.3095001567393791,3.4932255082868298
328,1,3,DJI FPV COMBO,-7.835528457968545,0.9493266338955519,-8.287646254728788
328,2,3,DJI MAVIC3 PRO,-9.038075642774317,1.0348783670955026,-7.885602922579799
329,0,3,DJI AVATA2,-3.156866184129149,0.6111313520619505,2.029482829209001
329,1,3,DJI FPV COMBO,2.999843204735753,0.271767578739118,5.142051268481423
329,2,3,DJI MAVIC3 PRO,-20.938485644650527,0.9943763314747004,-20.31200029555464
330,0,2,DJI AVATA2,22.242247796714018,0.1319778194593241,13.284712672624877
330,1,2,DJI MAVIC3 PRO,-22.242247796714018,1.079195150065383,-26.069553185103715
332,0,2,DJI MINI3,38.81907854711377,0.001021334857824426,30.576826507899682
332,1,2,DJI MINI4 PRO,-38.81907854711377,1.206786250625696,-17.10169431630751
333,0,3,DJI AVATA2,-4.3818768356796145,0.9791714913068634,-7.841289646922659
333,1,3,DJI FPV COMBO,-0.42918984619657186,0.6752669568127608,0.7500343270186761
333,2,3,DJI MAVIC3 PRO,-4.59911267385672,0.6580769773196783,-1.862412514362575
339,0,2,DJI AVATA2,2.226363579491343,0.5022273069865393,5.191434884476797
339,1,2,DJI MAVIC3 PRO,-2.226363579491343,0.6945989895490603,-0.18190209062226168
341,0,3,DJI AVATA2,-15.513116512143863,0.9225799018808638,-6.7324715096608
341,1,3,DJI FPV COMBO,-20.57725716698632,0.9319025299559114,-10.479030738314165
341,2,3,DJI MAVIC3 PRO,14.276463298460904,0.029853160414000903,15.329254991528869
342,0,3,DJI AVATA2,1.4194016682928456,0.3955265881629979,2.033278396229999
342,1,3,DJI FPV COMBO,-2.222647649567829,0.6200968324760359,-1.7194968921521971
342,2,3,DJI MAVIC3 PRO,-13.34566774282071,0.9244855319299378,-9.440381689369769
346,0,3,DJI AVATA2,-14.550462221728637,0.6023118465670209,-1.4407571931318879
346,1,3,DJI FPV COMBO,-29.760138543914685,1.1341187987233496,-21.818243527246537
346,2,3,DJI MAVIC3 PRO,14.412469702255606,0.021419898101846357,16.74059044143043
347,0,3,DJI AVATA2,-15.263981951319941,0.9677699977327633,-12.864454293947333
347,1,3,DJI FPV COMBO,3.7861146686632816,0.250469463230989,5.441349977195316
347,2,3,DJI MAVIC3 PRO,-4.40847645307238,0.6610564522059577,-0.5042632084480755
348,0,3,DJI AVATA2,2.352439804586358,0.5379247187753105,1.7956983440681875
348,1,3,DJI FPV COMBO,-14.225175852829878,0.8783097409229876,-5.5019627372622
348,2,3,DJI MAVIC3 PRO,-3.0485913497494526,0.9961690292476745,-21.597496058674327
349,0,2,DJI AVATA2,5.593330621080845,0.2925709268908616,4.0361188285090615
349,1,2,DJI MAVIC3 PRO,-5.593330621080845,0.9407315729851153,-5.895762338601268
350,0,2,DJI FPV COMBO,13.989644912256512,0.0268420997461207,15.628766625156565
350,1,2,DJI MAVIC3 PRO,-13.989644912256512,0.7113431727536944,-3.8696421304970574
351,0,3,DJI AVATA2,4.352847765047523,0.26390212550465536,4.512858738500036
351,1,3,DJI FPV COMBO,-13.637844987065225,0.9450594715873563,-11.082645756083698
351,2,3,DJI MAVIC3 PRO,-5.321156313737816,0.7661299401153069,-5.140149784412885
352,0,2,DJI AVATA2,12.481498870162834,0.21572125932804667,9.136683768191876
352,1,2,DJI FPV COMBO,-12.481498870162834,0.9407002941510478,-11.588846637824176
354,0,2,DJI AVATA2,0.6129499821676346,0.5190562807396703,5.723455438009752
354,1,2,DJI MAVIC3 PRO,-0.612949982167635,0.5126620604199857,1.9630999243555245
355,0,2,DJI MINI3,13.604007166191717,0.01839586053557614,17.281578025565103
355,1,2,DJI MINI4 PRO,-13.604007166191716,0.5189763156658243,6.219562371553122
357,0,3,DJI AVATA2,7.710321133308851,0.16154285920841263,7.710165887662418
357,1,3,DJI FPV COMBO,-9.21605011388851,0.9727017865026971,-6.225442036094816
357,2,3,DJI MAVIC3 PRO,-14.045052177626316,0.9753378327438631,-14.818042749840055
359,0,2,DJI FPV COMBO,0.38159326898663076,0.4608166040941647,8.147498939409772
359,1,2,DJI MAVIC3 PRO,-0.3815932689866306,0.42951133195538155,3.0070804913808753
364,0,2,DJI MINI3,32.393649594790745,0.001803464926190094,28.736771021170753
364,1,2,DJI MINI4 PRO,-32.393649594790745,0.9664004624238794,-13.42040173749357
365,0,2,DJI MINI3,4.42626038269835,0.27181417326577484,4.3006222272756975
365,1,2,DJI MINI4 PRO,-4.426260382698351,0.7582697807888676,-4.908322910967537
366,0,3,DJI AVATA2,-6.088155991978155,0.9010387203516305,-8.273716672238303
366,1,3,DJI FPV COMBO,-4.639174586410056,0.9732707150496444,-8.462223083966764
366,2,3,DJI MAVIC3 PRO,0.8142205652236599,0.6487739244045999,-0.549563199519494
369,0,2,DJI AVATA2,-7.042136209080155,0.9407023610270903,-7.609694026784588
369,1,2,DJI MAVIC3 PRO,7.042136209080157,0.21133321783896872,6.347212201314781
370,0,3,DJI AVATA2,7.044331497679643,0.24397038085847955,5.85393958608205
370,1,3,DJI FPV COMBO,-10.761672509725058,0.9377629649517548,-10.201698795059915
370,2,3,DJI MAVIC3 PRO,-10.181728980354382,1.2608937321319367,-8.027528830981353
371,0,2,DJI AVATA2,-2.1697052557724406,0.6032635588941552,1.4682418530682875
371,1,2,DJI FPV COMBO,2.169705255772441,0.32605792507839565,4.002824911090113
372,0,2,DJI FPV COMBO,2.051881329418936,0.3958741223669987,15.840735217760093
372,1,2,DJI MAVIC3 PRO,-2.0518813294189364,0.4931162583273784,2.0971801679996753
374,0,3,DJI AVATA2,-11.869261478253916,0.9737084993417282,-11.861187366414187
374,1,3,DJI FPV COMBO,-12.08500730623105,0.5631365677349432,-0.8059669582432456
374,2,3,DJI MAVIC3 PRO,8.680982696596688,0.0631546803735965,11.756887601069774
375,0,3,DJI AVATA2,-6.685741466281002,0.9709589095384368,-8.000340090391443
375,1,3,DJI FPV COMBO,-0.5421226501286844,0.551180753722664,1.7198835181368113
375,2,3,DJI MAVIC3 PRO,-2.6018279905725987,0.5748027903815541,0.9887600555934906
376,0,2,DJI AVATA2,-4.378834581924341,0.6275402515078408,-1.9683422873756125
376,1,2,DJI MAVIC3 PRO,4.37883458192434,0.22122620704330245,5.469219338043364
377,0,3,DJI AVATA2,-11.482475693628517,0.9585388968644644,-7.596552737599
377,1,3,DJI FPV COMBO,7.961042782420471,0.08678625037707113,10.314270778180779
377,2,3,DJI MAVIC3 PRO,-11.134365719753168,0.7002605578305312,-3.602128766934614
378,0,3,DJI AVATA2,1.4164122334685807,0.3343740407417662,3.176597365360881
378,1,3,DJI FPV COMBO,-1.4703979386310317,0.49338557975889963,2.205640031509028
378,2,3,DJI MAVIC3 PRO,-25.181900997293308,1.1510051172992604,-19.53681058474558
379,0,3,DJI AVATA2,-13.252071599460148,0.9186911720752093,-8.265690534743497
379,1,3,DJI FPV COMBO,4.613043102022266,0.31585196290435813,3.359745101208453
379,2,3,DJI MAVIC3 PRO,-5.708828978315587,1.061018749730273,-12.28618590959049
380,0,2,DJI AVATA2,6.331375593310426,0.21604340727258067,6.015888442887158
380,1,2,DJI FPV COMBO,-6.331375593310426,0.8679409512513568,-6.481993020756537
382,0,3,DJI AVATA2,-9.687251114888454,0.5725462116342694,-0.8770116530160638
382,1,3,DJI FPV COMBO,6.8610311992646995,0.11617782426976703,8.87987075589566
382,2,3,DJI MAVIC3 PRO,-10.98751562880425,0.9928011732818337,-20.238857649292605
384,0,3,DJI AVATA2,-2.2604128899689,0.6257070806407118,0.7798657890697137
384,1,3,DJI FPV COMBO,1.6405743697636164,0.35793129022817427,3.7617322587529314
384,2,3,DJI MAVIC3 PRO,-14.544509382730972,0.9857218773469658,-17.672358206409392
386,0,2,DJI AVATA2,0.4761056931707712,0.4958357930360997,6.027921681531212
386,1,2,DJI FPV COMBO,-0.4761056931707714,0.4630161707506206,2.4742479155980397
387,0,3,DJI AVATA2,-16.25545289429511,0.9313007543658915,-10.06974900276197
387,1,3,DJI FPV COMBO,-3.3499761243571196,0.4042126411091597,5.892093822007498
387,2,3,DJI MAVIC3 PRO,2.893799533369269,0.18201244138944722,6.565724304550471
388,0,2,DJI AVATA2,-11.190390774986273,0.8500014952289398,-6.1955585745896125
388,1,2,DJI MAVIC3 PRO,11.190390774986273,0.06922674821990188,11.40160522762777
391,0,3,DJI AVATA2,-6.1365298629840614,0.4806581219805766,4.3141803926662154
391,1,3,DJI FPV COMBO,-21.28149008859677,0.9916735794552218,-18.104787786574956
391,2,3,DJI MAVIC3 PRO,5.935519335491872,0.09982459120647605,9.65256942930405
392,0,3,DJI AVATA2,2.6742584684669457,0.28428343240852555,4.121400630970397
392,1,3,DJI FPV COMBO,-9.091198115509531,0.9722238092474326,-10.88418111853607
392,2,3,DJI MAVIC3 PRO,-4.982325342193885,0.67899875231509,-3.24719261526975
394,0,3,DJI AVATA2,-1.0668768051249107,0.5385810587804946,2.617888900602081
394,1,3,DJI FPV COMBO,-0.5676115916184942,0.4777009162906,2.3853181528577556
394,2,3,DJI MAVIC3 PRO,-9.853519665470705,0.9794563500542873,-13.909328195231174
395,0,2,DJI AVATA2,12.624275652771344,0.1407544063203956,11.150363816740466
395,1,2,DJI MAVIC3 PRO,-12.624275652771344,0.968865941762796,-14.77604396711888
396,0,2,DJI FPV COMBO,7.909282756718165,0.06289744145619533,11.79248470056876
396,1,2,DJI MAVIC3 PRO,-7.909282756718165,0.41595618085405806,4.109814539549719
398,0,2,DJI AVATA2,0.15314968558012426,0.4881230146941245,5.291999151918291
398,1,2,DJI MAVIC3 PRO,-0.15314968558012454,0.44708048852397875,2.558461316164073
399,0,2,DJI AVATA2,-1.4288524444273276,0.5728034706809421,2.625176967370554
399,1,2,DJI FPV COMBO,1.4288524444273274,0.3619258349073517,3.474551152037009
400,0,3,DJI AVATA2,-3.6118339781148947,0.69731393469492,-3.559399073391254
400,1,3,DJI FPV COMBO,-10.753466866182,0.9523905371978009,-11.680747970962688
400,2,3,DJI MAVIC3 PRO,2.110465240210519,0.37094794929682406,2.34469715988058
402,0,2,DJI AVATA2,4.675765666759397,0.252174163240719,4.733113706113525
402,1,2,DJI MAVIC3 PRO,-4.675765666759397,0.7071530557020399,-3.8174090616769814
403,0,3,DJI AVATA2,2.038417156702364,0.3964425375426559,1.911938268772231
403,1,3,DJI FPV COMBO,-5.443607024613461,0.9357149064121005,-6.092975639939988
403,2,3,DJI MAVIC3 PRO,-7.116170012448753,0.8845356732426976,-6.537742455236605
404,0,2,DJI MINI3,-42.131763734626674,1.8547604763094605,-21.105125058786083
404,1,2,DJI MINI4 PRO,42.131763734626674,0.0009174194914534159,30.4340953075061
405,0,2,DJI AVATA2,-9.894267581515354,0.5835562572246392,-0.23743718688632148
405,1,2,DJI FPV COMBO,9.894267581515354,0.05475224037536192,12.374689172347944
406,0,3,DJI AVATA2,-20.13986520168221,0.978270379782327,-16.493124040795117
406,1,3,DJI FPV COMBO,-6.560971705960517,0.39640106248302714,10.465445020628012
406,2,3,DJI MAVIC3 PRO,6.285404642980424,0.07478183767312412,10.989805176786469
408,0,3,DJI AVATA2,-2.034721416682767,0.5997566018488618,1.9474394484295967
408,1,3,DJI FPV COMBO,1.9829420486743192,0.335534931433348,3.962935749630814
408,2,3,DJI MAVIC3 PRO,-25.474847472021146,1.057651959659468,-24.65727760171509
411,0,2,DJI FPV COMBO,21.73863464302992,0.008670086130167273,20.77721762799307
411,1,2,DJI MAVIC3 PRO,-21.73863464302992,0.8786136657192964,-5.8319647839018804
412,0,2,DJI AVATA2,-12.97654038919248,0.7714218105285745,-5.270890629886665
412,1,2,DJI FPV COMBO,12.97654038919248,0.03604691239302323,14.27372965990446
413,0,2,DJI AVATA2,-5.070670555072601,0.9208173174969095,-2.4949297140513673
413,1,2,DJI MAVIC3 PRO,5.070670555072601,0.33016259079663274,3.096737536955522
414,0,2,DJI FPV COMBO,-15.52442947521891,0.7730583040186728,-4.766209925120376
414,1,2,DJI MAVIC3 PRO,15.52442947521891,0.024952719279207572,15.993734087227587
416,0,3,DJI AVATA2,7.073049436318595,0.25673274818294584,5.231150787166263
416,1,3,DJI FPV COMBO,-9.443695213413594,1.5571650258987588,-16.99885819799293
416,2,3,DJI MAVIC3 PRO,-11.801588417919135,0.954526198858363,-12.547893801541381
417,0,3,DJI AVATA2,7.033778392344805,0.1693644649649244,7.183013612353685
417,1,3,DJI FPV COMBO,-10.085776254957164,1.0902663025990929,-7.336426785710147
417,2,3,DJI MAVIC3 PRO,-10.85032469565213,0.9857394973194742,-16.896592693317274
418,0,2,DJI FPV COMBO,9.196559606519134,0.05613869654695376,12.261987521361586
418,1,2,DJI MAVIC3 PRO,-9.196559606519134,0.5305693054500306,2.0498533791786038
419,0,2,DJI AVATA2,28.173850446068723,0.05054631261026285,13.896835018970856
419,1,2,DJI FPV COMBO,-28.173850446068723,1.17882870105489,-28.28987629452756
420,0,2,DJI FPV COMBO,-6.0795196945185435,0.4528530555840634,2.3622017113925864
420,1,2,DJI MAVIC3 PRO,6.0795196945185435,0.11273802792180898,9.000121628449579
421,0,3,DJI AVATA2,-13.418851090367705,0.9523260903370833,-8.379656552467134
421,1,3,DJI FPV COMBO,8.597992570941686,0.13004160005785514,8.370484438746145
421,2,3,DJI MAVIC3 PRO,-10.737574243442548,0.9964823467398549,-24.4931541475953
422,0,2,DJI MINI3,-43.39679879849168,2.052420756989521,-22.095095770486726
422,1,2,DJI MINI4 PRO,43.39679879849168,0.0012133839965524282,29.50561951088759
425,0,2,DJI MINI3,-0.24064961552448838,0.5638141855151151,8.909026812089525
425,1,2,DJI MINI4 PRO,0.24064961552448866,0.4851171533903388,3.13277668718876
427,0,3,DJI AVATA2,-0.35876487321428374,0.6546240460706245,-0.7284582667480021
427,1,3,DJI FPV COMBO,-7.0240727380429195,0.9482423961345227,-7.48509066686038
427,2,3,DJI MAVIC3 PRO,-2.5919837982568024,0.6235141576109836,-1.489002095727534
428,0,2,DJI AVATA2,10.589743757194324,0.15138896029873697,9.036434475971006
428,1,2,DJI MAVIC3 PRO,-10.589743757194324,0.9594463382235228,-11.763271692215955
429,0,3,DJI AVATA2,-13.34672219224202,0.9613879227549583,-9.722726061479324
429,1,3,DJI FPV COMBO,-12.070468956419209,0.5099071262047399,1.147642538804345
429,2,3,DJI MAVIC3 PRO,9.41470742432826,0.060717900432037696,11.964923701224048
430,0,3,DJI AVATA2,1.5240378409016409,0.5092392986791124,4.226186362303152
430,1,3,DJI FPV COMBO,-3.4588313140519764,0.8959527121134755,-0.4705706285116411
430,2,3,DJI MAVIC3 PRO,-9.429341103450483,0.973904503941129,-11.80790135715133
431,0,3,DJI AVATA2,-14.801381005252702,0.9493528700252626,-8.310346586657815
431,1,3,DJI FPV COMBO,-4.0510139516222345,0.5037006585461146,5.8389144574102145
431,2,3,DJI MAVIC3 PRO,3.3858246995467924,0.19325570554765162,7.054831702506611
432,0,3,DJI AVATA2,-6.2047725391635975,0.9209831671752613,-3.502765882578686
432,1,3,DJI FPV COMBO,-1.875735929873151,0.4514752820921844,3.442222094781589
432,2,3,DJI MAVIC3 PRO,-1.5263929959037834,0.5101151957975502,1.3039413888459042
433,0,2,DJI FPV COMBO,9.712728662173141,0.06434907711201908,11.641903346194105
433,1,2,DJI MAVIC3 PRO,-9.712728662173141,0.6646102008913123,-2.652596939585484
434,0,3,DJI AVATA2,-4.640064385458923,0.6174268430805985,0.8076420742463912
434,1,3,DJI FPV COMBO,4.441108231606218,0.1937896073769722,6.619114349641272
434,2,3,DJI MAVIC3 PRO,-20.508861963115038,0.9891251744281591,-18.794538811289335
435,0,3,DJI AVATA2,1.6337820534567127,0.5309571991644205,2.623679210697089
435,1,3,DJI FPV COMBO,-7.563408992455397,0.9438205811322841,-8.6274617267807
435,2,3,DJI MAVIC3 PRO,-4.589473465034323,1.0979945661274078,-2.6749226485068385
436,0,3,DJI AVATA2,-3.620907692489163,0.6190054961576571,0.578870862884108
436,1,3,DJI FPV COMBO,3.4678594033464627,0.2460620213953697,5.419291613437992
436,2,3,DJI MAVIC3 PRO,-21.22150474862198,1.0010066811217797,-20.921398334586982
438,0,3,DJI AVATA2,-12.535103410324108,0.9403483736417404,-5.809089162626762
438,1,3,DJI FPV COMBO,7.189267312042446,0.08317999117306672,10.432696594993384
438,2,3,DJI MAVIC3 PRO,-9.189845742882621,0.4707380153446161,1.2279000769882311
439,0,2,DJI FPV COMBO,25.21748102017748,0.0062466368949650125,22.371217905955987
439,1,2,DJI MAVIC3 PRO,-25.217481020177477,0.9139909921852076,-9.823219406326864
442,0,2,DJI AVATA2,8.396870906815826,0.22547773878044913,5.953059369919504
442,1,2,DJI FPV COMBO,-8.396870906815826,0.9459078002103788,-8.569326783453867
443,0,2,DJI AVATA2,-6.1057537324903945,0.9529749221808831,-7.395238385852511
443,1,2,DJI MAVIC3 PRO,6.105753732490394,0.2752041594129765,5.323109591755927
444,0,2,DJI MINI3,-15.399568313545798,1.0165630624084168,-26.643954247283386
444,1,2,DJI MINI4 PRO,15.399568313545798,0.09155980364502755,12.38667673714161
445,0,2,DJI FPV COMBO,-9.98328049304097,0.6118529874922803,-1.9374599227881253
445,1,2,DJI MAVIC3 PRO,9.98328049304097,0.06566109989868314,11.614395574908617
447,0,2,DJI AVATA2,-10.406318770822505,0.8527524042437149,-6.217114603776274
447,1,2,DJI MAVIC3 PRO,10.406318770822505,0.08260198721347634,10.591695498398408
448,0,3,DJI AVATA2,-4.463904033610203,0.6481875526320977,-1.42304947588512
448,1,3,DJI FPV COMBO,3.3315876668776943,0.2363178100102145,5.489591360378795
448,2,3,DJI MAVIC3 PRO,-12.469075720785181,0.9819374982414877,-15.631155048600762
449,0,3,DJI AVATA2,-1.2620518956688633,0.5564478715200627,-0.19552289751638322
449,1,3,DJI FPV COMBO,-1.2342262248895028,0.5289149752794474,0.41951004078085896
449,2,3,DJI MAVIC3 PRO,-7.786520614159286,0.9416821921791905,-8.755461470643557
450,0,3,DJI AVATA2,-12.318336315626118,0.8014807501769524,-5.954154373439129
450,1,3,DJI FPV COMBO,11.630625154426983,0.047255012000259444,13.063852437583336
450,2,3,DJI MAVIC3 PRO,-20.470947432492462,0.9524676860688609,-12.591339483227458
451,0,2,DJI MINI3,-15.205577233314019,0.385652622210397,10.716707187315267
451,1,2,DJI MINI4 PRO,15.205577233314019,0.011162849279575317,19.475155350215573
455,0,3,DJI AVATA2,1.6374331289308321,0.37124471910376466,2.4562731544726275
455,1,3,DJI FPV COMBO,-7.268085145457249,0.9087095891159105,-6.552587051140428
455,2,3,DJI MAVIC3 PRO,-4.7969670000602145,0.9350542920157077,-3.1510882895042
456,0,3,DJI AVATA2,1.049695734013138,0.5046692039601999,5.5360356316568025
456,1,3,DJI FPV COMBO,-1.2216497243152333,0.5502141816076616,1.2465476501820867
456,2,3,DJI MAVIC3 PRO,-20.0760210947133,1.018043640720621,-19.80450082544243
458,0,3,DJI AVATA2,-14.35846700250983,0.9405727436445496,-6.861692180424023
458,1,3,DJI FPV COMBO,9.707152938870383,0.05078960572411409,12.729750718459778
458,2,3,DJI MAVIC3 PRO,-11.852382942306612,0.5279727782037626,0.47235848556789195
460,0,2,DJI FPV COMBO,7.247829178248572,0.0674484611186496,11.483376794812532
460,1,2,DJI MAVIC3 PRO,-7.247829178248572,0.3887935047080202,8.555676222849598
461,0,2,DJI FPV COMBO,1.010920257521168,0.5142617847273067,1.7424341117021724
461,1,2,DJI MAVIC3 PRO,-1.010920257521168,0.5571768889724187,-0.4024738654533694
462,0,2,DJI FPV COMBO,17.33022818247563,0.0177256485415554,17.787015211879563
462,1,2,DJI MAVIC3 PRO,-17.33022818247563,0.8361195532914011,-4.677918631884646
463,0,2,DJI FPV COMBO,-0.9068497320151615,0.400488983273921,8.57765283838164
463,1,2,DJI MAVIC3 PRO,0.9068497320151616,0.27985971772323276,4.355190402229865
465,0,3,DJI AVATA2,-11.796996819236188,0.9490709669004656,-6.5218880565785184
465,1,3,DJI FPV COMBO,9.532134969514484,0.06602404497300235,11.556956076177698
465,2,3,DJI MAVIC3 PRO,-14.010389155346665,0.9060062792366,-5.703719198523663
466,0,2,DJI AVATA2,-4.1390290200091,0.6042408965025462,2.004802903485955
466,1,2,DJI FPV COMBO,4.1390290200091,0.20810169299834072,6.336101331245905
467,0,2,DJI MINI3,-12.045904656451839,0.7935486658176787,-5.467092157340531
467,1,2,DJI MINI4 PRO,12.04590465645184,0.05187199681539612,12.662581585295742
468,0,2,DJI AVATA2,-3.7288901116320905,0.6199546160021875,2.0364639192155947
468,1,2,DJI FPV COMBO,3.728890111632089,0.23708255569161732,5.7952149623682905
469,0,2,DJI AVATA2,-12.740947337017213,0.7301787079103638,-3.938301965025202
469,1,2,DJI FPV COMBO,12.740947337017213,0.03513966725394129,14.394085310430702
470,0,2,DJI FPV COMBO,-1.6443230227641226,0.5620822914157185,0.9193296345150498
470,1,2,DJI MAVIC3 PRO,1.6443230227641226,0.33802439485437635,3.409463357696745
473,0,2,DJI AVATA2,21.12541012021825,0.1172124028513981,13.782302712932115
473,1,2,DJI MAVIC3 PRO,-21.12541012021825,1.074995795052093,-21.805371856503257
476,0,3,DJI AVATA2,-5.718626511287845,0.7387878283152037,-4.507877088327988
476,1,3,DJI FPV COMBO,0.29743154458262516,0.5351589359030747,1.4918945621650723
476,2,3,DJI MAVIC3 PRO,-4.28598889338011,0.9742113762406229,-7.150665210722373
478,0,3,DJI AVATA2,-9.272010585475547,1.3732274704280902,-15.360779838535677
478,1,3,DJI FPV COMBO,9.15323793663073,0.17661437187374007,7.328847124727103
478,2,3,DJI MAVIC3 PRO,-25.815287315330885,1.16547086444221,-17.668834125501107
479,0,2,DJI FPV COMBO,-2.8523002870504417,0.4403862230809991,3.5566012748263054
479,1,2,DJI MAVIC3 PRO,2.8523002870504417,0.21763529543125326,5.566020001425991
480,0,2,DJI AVATA2,12.379040203608486,0.16372027672866016,8.888548457504102
480,1,2,DJI MAVIC3 PRO,-12.379040203608486,0.9698494840669291,-13.763483993505849
481,0,3,DJI AVATA2,6.826815748704828,0.25693407625248077,5.928104750154565
481,1,3,DJI FPV COMBO,-8.463751776566376,1.1191227874720997,-7.866374718655377
481,2,3,DJI MAVIC3 PRO,-13.044578103471213,0.9398540168155993,-11.629127805504227
484,0,2,DJI AVATA2,23.560425418400143,0.10383544312129474,14.351190665570934
484,1,2,DJI MAVIC3 PRO,-23.560425418400143,1.1296444733269073,-25.47271126723766
485,0,3,DJI AVATA2,7.735654961071955,0.25597590522170144,6.062250338365384
485,1,3,DJI FPV COMBO,-14.985958026102002,0.9579776908793424,-13.493700184022948
485,2,3,DJI MAVIC3 PRO,-8.930916680866849,1.3263815907169505,-10.655101418542197
486,0,3,DJI AVATA2,8.961458107401366,0.14652259325392675,8.24967400988041
486,1,3,DJI FPV COMBO,-11.347153702899844,1.3491742074049426,-9.696786104407181
486,2,3,DJI MAVIC3 PRO,-13.331014732708956,0.9765942925877832,-15.40231754222669
487,0,3,DJI AVATA2,2.8593143750463894,0.39444733252603437,1.9696900711192118
487,1,3,DJI FPV COMBO,-5.923804126053587,0.9459642456957423,-6.199150983886987
487,2,3,DJI MAVIC3 PRO,-7.974075462271932,0.7964326796789615,-4.775472924004489
488,0,2,DJI AVATA2,1.5739130940411117,0.48558528155007197,7.426029895353832
488,1,2,DJI FPV COMBO,-1.5739130940411117,0.5808514817618373,1.51884565670764
490,0,2,DJI AVATA2,13.841586771698415,0.19181503445593148,10.658724390260556
490,1,2,DJI MAVIC3 PRO,-13.841586771698413,0.942443795617358,-11.895505589764655
491,0,3,DJI AVATA2,-12.237653265502777,0.96627236074546,-10.952477076979372
491,1,3,DJI FPV COMBO,-6.9843992516914035,0.5232975719225657,0.04531716422414469
491,2,3,DJI MAVIC3 PRO,5.416029198410998,0.13841634999083904,7.941538701954246
495,0,2,DJI FPV COMBO,7.725670255449149,0.13120656127477032,8.345653811944086
495,1,2,DJI MAVIC3 PRO,-7.725670255449147,0.8113620298726687,-6.111573078085933
497,0,3,DJI AVATA2,5.643899584011745,0.31060669294642723,3.9164446158735173
497,1,3,DJI FPV COMBO,-8.707997864850578,1.1866895510870568,-8.268111898208728
497,2,3,DJI MAVIC3 PRO,-9.76051912396506,0.952180210528119,-10.69792382212224
498,0,3,DJI AVATA2,-8.326604504710374,0.9426500294761565,-2.889733251069848
498,1,3,DJI FPV COMBO,-5.802992933172142,0.4741137831688097,2.0345001167602774
498,2,3,DJI MAVIC3 PRO,2.952377690528056,0.17726985791032282,7.051340395830499
499,0,2,DJI FPV COMBO,2.901988508929043,0.22671840394388745,6.1452959983598845
499,1,2,DJI MAVIC3 PRO,-2.9019885089290427,0.5030709382250034,6.5098210496441
500,0,3,DJI AVATA2,-5.643871767523391,0.5397895956049525,0.44435409474564436
500,1,3,DJI FPV COMBO,3.593084355195864,0.1697986812641803,7.127419556628022
500,2,3,DJI MAVIC3 PRO,-10.049721380655424,0.9833635986179471,-16.07123794029967
502,0,2,DJI MINI3,-0.8397477205877303,0.394883325647441,2.745186195807621
502,1,2,DJI MINI4 PRO,0.8397477205877303,0.3961075058551061,11.169379221833696
503,0,3,DJI AVATA2,5.166656195973167,0.26490552293479885,4.597213236021751
503,1,3,DJI FPV COMBO,-6.69901999202101,0.9468697427733853,-8.163911963715245
503,2,3,DJI MAVIC3 PRO,-12.174476641771504,0.9582454786467971,-13.092939350775449
504,0,2,DJI AVATA2,-1.57210380824231,0.7052025638705457,-1.4302692318237926
504,1,2,DJI FPV COMBO,1.5721038082423098,0.44862775115808856,2.535689745288524
505,0,2,DJI AVATA2,-0.0056795985536905146,0.5161678368576068,4.151531129120685
505,1,2,DJI FPV COMBO,0.00567959855369065,0.432007201413583,2.2564771976820284
507,0,2,DJI AVATA2,8.780306826526314,0.1514737851334019,7.522409484266261
507,1,2,DJI MAVIC3 PRO,-8.780306826526314,0.9817408256576226,-13.544951097307695
508,0,3,DJI AVATA2,-8.366671587686184,0.536500046686089,-0.385099707008748
508,1,3,DJI FPV COMBO,6.395343004332034,0.09343460819630629,9.899206577122255
508,2,3,DJI MAVIC3 PRO,-11.995277674405614,0.980468062939848,-15.07934402675891
509,0,3,DJI AVATA2,12.450699779015256,0.1616057950642141,10.430580878779928
509,1,3,DJI FPV COMBO,-28.107721111227374,1.2402425063385412,-30.63114493473996
509,2,3,DJI MAVIC3 PRO,-12.58417733509534,2.1960597661023225,-12.088702477592676
510,0,2,DJI MINI3,33.11835926011022,0.005132673153814477,23.015406744016957
510,1,2,DJI MINI4 PRO,-33.11835926011022,0.9919219736751207,-13.54935202504386
511,0,2,DJI FPV COMBO,3.188502696308512,0.18987628999877393,6.31486962892034
511,1,2,DJI MAVIC3 PRO,-3.188502696308512,0.4404993452393242,4.930642180749782
513,0,3,DJI AVATA2,-2.284572626978626,0.6408916303491866,-0.46458560281608763
513,1,3,DJI FPV COMBO,0.9609168371048948,0.4020067931266038,3.1565679792753
513,2,3,DJI MAVIC3 PRO,-11.007538363520622,0.9918854169434052,-19.69518973620839
514,0,2,DJI MINI3,-30.013879056995478,0.9431364618188315,-7.776390489799754
514,1,2,DJI MINI4 PRO,30.013879056995478,0.0013133326750335269,28.961116142655506
517,0,2,DJI MINI3,33.34457009390226,0.0016348360633103764,29.36306672970423
517,1,2,DJI MINI4 PRO,-33.34457009390226,0.9463949270621667,-11.874139294104936
519,0,2,DJI FPV COMBO,0.04477572058519855,0.4787197771997401,2.038440811545495
519,1,2,DJI MAVIC3 PRO,-0.044775720585198506,0.5639732452130143,2.3866931442947985
520,0,3,DJI AVATA2,3.100940590148566,0.3027062342979081,3.6254828606904606
520,1,3,DJI FPV COMBO,-9.75242607411275,0.9696236432716745,-11.732234304111838
520,2,3,DJI MAVIC3 PRO,-5.174877053119279,0.7544350777915134,-4.641711601910997
521,0,3,DJI AVATA2,-0.5836223592516074,0.514598718379135,0.9017702883117219
521,1,3,DJI FPV COMBO,-5.9788822667862735,0.7087101393481404,-3.6990761141500235
521,2,3,DJI MAVIC3 PRO,-3.036302118672892,0.9586229586327856,-6.137703232192827
523,0,2,DJI MINI3,1.0650955977841234,0.39800591657426965,13.383725396252855
523,1,2,DJI MINI4 PRO,-1.0650955977841237,0.40751392566251066,2.811837618847306
524,0,3,DJI AVATA2,4.3446025962464265,0.3617352437362113,2.5350088305445215
524,1,3,DJI FPV COMBO,-8.009885267796639,0.9827696909308756,-6.485541267992156
524,2,3,DJI MAVIC3 PRO,-8.167036021145275,0.9526678497400247,-9.568138222326244
525,0,2,DJI FPV COMBO,-8.83676938256652,0.4654185444744554,3.0427883059798013
525,1,2,DJI MAVIC3 PRO,8.83676938256652,0.06031981071313712,11.929467320973096
526,0,3,DJI AVATA2,5.581832479398838,0.31131388283193695,3.4517030528687433
526,1,3,DJI FPV COMBO,-5.846764033363393,1.1092017584806768,-14.4586287258769
526,2,3,DJI MAVIC3 PRO,-19.880619237002428,1.0244140964743227,-21.721256860649937
527,0,3,DJI AVATA2,-4.070161057091943,0.6175886678453584,0.2260555266683173
527,1,3,DJI FPV COMBO,3.9717196929544714,0.2203178060269671,5.857972149271191
527,2,3,DJI MAVIC3 PRO,-23.345878394127407,1.0186025486596655,-22.12434097997535
528,0,2,DJI FPV COMBO,10.672984691497366,0.05252116734019139,12.563430963674788
528,1,2,DJI MAVIC3 PRO,-10.672984691497366,0.685379762868459,-3.0637544609514613
529,0,2,DJI MINI3,-52.0585447766276,12.161613583281206,-31.47894023089084
529,1,2,DJI MINI4 PRO,52.058544776627585,0.00348863665491992,24.58498830287816
532,0,3,DJI AVATA2,-0.1216427963891987,0.5145638052645282,0.11372677685187448
532,1,3,DJI FPV COMBO,-20.580693136210563,1.0616730898671405,-21.098538021546798
532,2,3,DJI MAVIC3 PRO,-0.029023233935694708,0.560664979471549,0.07109135098418849
533,0,3,DJI AVATA2,-4.058911126639767,0.408464966357439,12.92723730156705
533,1,3,DJI FPV COMBO,-27.259089801795803,1.0998527715550912,-18.513690794280176
533,2,3,DJI MAVIC3 PRO,4.018748720540472,0.12869886475530828,8.576172528625246
534,0,3,DJI AVATA2,8.441243061750685,0.18887609024847943,7.783889845929669
534,1,3,DJI FPV COMBO,-15.31880774028716,0.9779496275861207,-15.737821561283383
534,2,3,DJI MAVIC3 PRO,-9.704071331687288,1.193247650802204,-8.931233337407749
535,0,2,DJI AVATA2,-11.400629683196124,0.657912601559217,-0.5956413454253731
535,1,2,DJI FPV COMBO,11.400629683196124,0.04110059523831165,13.712210175070886
536,0,2,DJI FPV COMBO,9.940287067798309,0.057992874797188745,12.21322203304084
536,1,2,DJI MAVIC3 PRO,-9.940287067798309,0.6054911921957843,-1.5957687752630019
538,0,3,DJI AVATA2,-3.050298383284905,0.9651039160762312,-3.3126511695510237
538,1,3,DJI FPV COMBO,1.4726866219305133,0.33968417111743887,3.810493807861296
538,2,3,DJI MAVIC3 PRO,-10.334637202820968,0.7642197574619132,-4.051526129034774
539,0,2,DJI MINI3,29.453205737172503,0.00285518398157631,26.29918975096286
539,1,2,DJI MINI4 PRO,-29.453205737172503,0.8940098225903529,-8.720565326798779
540,0,3,DJI AVATA2,7.52737484827291,0.2291262611317273,7.678788498115191
540,1,3,DJI FPV COMBO,-11.19259354306504,0.9684161424556169,-14.408595970571195
540,2,3,DJI MAVIC3 PRO,-10.633457685026029,1.6260619276474213,-9.744903991126074
546,0,2,DJI AVATA2,-5.229747339302979,0.682893743776586,-3.3272122147895313
546,1,2,DJI MAVIC3 PRO,5.229747339302979,0.20546431397306475,5.89540847058726
547,0,2,DJI FPV COMBO,-0.7299277500052079,0.3906456085027421,13.211034022234243
547,1,2,DJI MAVIC3 PRO,0.7299277500052075,0.26999858603110194,4.987455959976597
549,0,2,DJI AVATA2,8.285340700754716,0.24935657886420012,5.550082541993444
549,1,2,DJI FPV COMBO,-8.285340700754716,0.9372571501961199,-7.948965510085556
550,0,3,DJI AVATA2,-2.1361089558418977,0.6025480216911788,2.0738979340729187
550,1,3,DJI FPV COMBO,1.9510989743027185,0.3380476282117528,4.042010511305948
550,2,3,DJI MAVIC3 PRO,-19.92084712319767,0.9954178009316972,-20.470370151146085
551,0,3,DJI AVATA2,-1.0201298046054097,0.5831492041721357,3.176305492226763
551,1,3,DJI FPV COMBO,0.9702366705198008,0.4123996060770851,3.1143743021854826
551,2,3,DJI MAVIC3 PRO,-25.462605345860734,1.0525606776495833,-25.881180013355376
552,0,2,DJI AVATA2,-14.350910285007553,0.9090789521596289,-3.288278893118959
552,1,2,DJI FPV COMBO,14.350910285007553,0.03152418020387765,14.986965597501085
553,0,2,DJI AVATA2,0.33571711102357843,0.4757845865213547,11.485415621284169
553,1,2,DJI MAVIC3 PRO,-0.33571711102357815,0.4358027158749682,3.4940392086660417
556,0,3,DJI AVATA2,-2.107862057625394,0.6124169681378052,0.6841222281880543
556,1,3,DJI FPV COMBO,1.2947532453256538,0.385722199946536,3.2195564709437856
556,2,3,DJI MAVIC3 PRO,-13.26524803819121,0.9729364116729561,-13.631210212281015
560,0,2,DJI AVATA2,-0.5123099123657439,0.5309800028521959,3.6891169719167904
560,1,2,DJI FPV COMBO,0.512309912365744,0.40419736404160017,2.7316602604493347
561,0,3,DJI AVATA2,6.557300724623162,0.2687822652470147,5.818056591288291
561,1,3,DJI FPV COMBO,-13.19365137131827,0.9470026013204315,-12.363930143215065
561,2,3,DJI MAVIC3 PRO,-8.058762961914962,1.128939716127789,-8.217502069850692
563,0,3,DJI AVATA2,1.9830306506738273,0.479398446531714,7.41535879610764
563,1,3,DJI FPV COMBO,-2.2025053034314492,0.6421528103978561,0.6993260205460806
563,2,3,DJI MAVIC3 PRO,-19.182392109253644,1.0328263678036487,-24.691108284077682
565,0,3,DJI AVATA2,0.06822950464037943,0.6616074799593246,0.009386872000448007
565,1,3,DJI FPV COMBO,-0.12568570608646223,0.7075823989456316,-1.9384879261510477
565,2,3,DJI MAVIC3 PRO,-24.791244883989542,1.0834152923607734,-22.6487391275209
566,0,3,DJI AVATA2,-5.885073436357181,0.9220657169150874,-4.361343546635095
566,1,3,DJI FPV COMBO,-3.2047560568497064,0.6133072865991579,-1.9367441112019288
566,2,3,DJI MAVIC3 PRO,-0.4956048400407198,0.5862705088756609,-0.8269394224798747
570,0,2,DJI MINI3,-19.368310428771668,1.012575110769503,-34.20580435269278
570,1,2,DJI MINI4 PRO,19.368310428771668,0.028465170246170096,15.587096405242221
571,0,2,DJI FPV COMBO,20.447166629434573,0.010283248419432648,19.955638241886977
571,1,2,DJI MAVIC3 PRO,-20.447166629434573,0.9050312117008221,-6.48313319782448
572,0,2,DJI FPV COMBO,8.776948641631837,0.07345610768085757,11.099578228231827
572,1,2,DJI MAVIC3 PRO,-8.776948641631837,0.5892066060093188,-1.2714296566615673
573,0,3,DJI AVATA2,-15.30326069982263,0.9277394994128632,-10.09023629242262
573,1,3,DJI FPV COMBO,-0.4216451461195688,0.5057847776714284,4.416898995386137
573,2,3,DJI MAVIC3 PRO,-0.07630575498877556,0.4418475892817031,2.1443434976284075
574,0,2,DJI AVATA2,11.70936813564577,0.1433884819698056,10.748824123653286
574,1,2,DJI MAVIC3 PRO,-11.70936813564577,0.9645722815089469,-13.839370800631638
575,0,2,DJI FPV COMBO,1.338171928317378,0.3544909597894443,3.2656904228047416
575,1,2,DJI MAVIC3 PRO,-1.3381719283173779,0.550434494261252,2.671755986405887
576,0,2,DJI MINI3,35.510620774361584,0.003530622095680669,25.133640257851262
576,1,2,DJI MINI4 PRO,-35.510620774361584,1.1058130122841445,-16.69543753788324
577,0,3,DJI AVATA2,10.324934777031803,0.19116774154728763,9.172508556510056
577,1,3,DJI FPV COMBO,-26.84074731832525,1.3421821617909553,-28.71874386551676
577,2,3,DJI MAVIC3 PRO,-10.441675999286897,1.5777697826754844,-10.677655809030943
579,0,2,DJI AVATA2,-6.4191873748261985,0.6922448319799932,-3.511536060805392
579,1,2,DJI MAVIC3 PRO,6.419187374826199,0.15732808024081066,7.309549838378361
580,0,3,DJI AVATA2,5.6245808173661676,0.27582787248699664,4.271060879806694
580,1,3,DJI FPV COMBO,-7.394886832814071,0.948567668405828,-7.790813563520213
580,2,3,DJI MAVIC3 PRO,-11.882370496370203,1.3686564101678549,-8.349142661610173
581,0,3,DJI AVATA2,-4.472359274252293,0.6339977185695965,-0.3045276950797165
581,1,3,DJI FPV COMBO,3.6012893187686323,0.22560396217246043,5.90252483864261
581,2,3,DJI MAVIC3 PRO,-13.725233868193744,0.9843168417123231,-16.46456158522836
582,0,2,DJI AVATA2,0.7949637947183594,0.5028059266075409,6.650074614164887
582,1,2,DJI FPV COMBO,-0.7949637947183595,0.5046786603640945,1.8930663353343458
583,0,2,DJI AVATA2,-14.600896201399927,0.7149888864410501,-3.9550614762343335
583,1,2,DJI MAVIC3 PRO,14.600896201399927,0.02502158989194662,15.91062563405897
584,0,3,DJI AVATA2,-2.2111703497409985,0.9242590065052856,-1.9545396338345555
584,1,3,DJI FPV COMBO,-1.9193531427734376,0.4244070911996861,4.861407509789281
584,2,3,DJI MAVIC3 PRO,-5.16642765062031,0.9712473382537243,-10.227865009573318
586,0,2,DJI AVATA2,7.784448260225057,0.23826141370001763,5.412853783359165
586,1,2,DJI FPV COMBO,-7.784448260225057,0.951077092751775,-8.485667761589827
588,0,2,DJI AVATA2,6.0736037051868905,0.29109080687173233,3.9153864675024233
588,1,2,DJI FPV COMBO,-6.0736037051868905,0.953581404984092,-7.073939049960512
589,0,3,DJI AVATA2,-1.5312813034354895,0.592235955688308,1.1364627411009114
589,1,3,DJI FPV COMBO,0.9127715506168803,0.3983872142206403,2.9310435624312703
589,2,3,DJI MAVIC3 PRO,-14.418132910907506,0.9854415958366758,-18.114605060562557
591,0,3,DJI AVATA2,7.352327946470448,0.23920511356811747,5.786637715606123
591,1,3,DJI FPV COMBO,-9.71046942635736,0.9390105611232287,-9.421499126697157
591,2,3,DJI MAVIC3 PRO,-12.041552276736,1.6516797837427517,-9.706758663750044
593,0,2,DJI AVATA2,-16.62723526480613,0.8202554244416966,-6.082205479364156
593,1,2,DJI MAVIC3 PRO,16.62723526480613,0.0205027142486421,16.81131538891034
594,0,3,DJI AVATA2,6.4546510295355795,0.16374297927611112,7.141675850439265
594,1,3,DJI FPV COMBO,-10.100566393495727,0.9897714924972045,-6.411843937927157
594,2,3,DJI MAVIC3 PRO,-9.76537881039002,0.9885525948574472,-16.673048693270616
596,0,2,DJI AVATA2,11.384938544460269,0.1507969936344589,8.984918466873145
596,1,2,DJI FPV COMBO,-11.384938544460269,0.963622225555144,-12.337457116219124
597,0,2,DJI FPV COMBO,3.2956610071840267,0.1788393953413244,6.6204678572772915
597,1,2,DJI MAVIC3 PRO,-3.2956610071840267,0.41581035263464783,5.546355585944388
598,0,3,DJI AVATA2,-7.766911875662997,0.9138069109868661,-4.4627574937273105
598,1,3,DJI FPV COMBO,-0.5991581431560311,0.42765707648268325,2.0091938326298995
598,2,3,DJI MAVIC3 PRO,-1.9213704544758816,0.43884706672854257,4.121708076826009
600,0,3,DJI AVATA2,0.5394554944488743,0.5533804928124283,1.8728060165341665
600,1,3,DJI FPV COMBO,-10.064653371414078,0.9736153613531429,-14.304818598653311
600,2,3,DJI MAVIC3 PRO,-2.138987544808803,0.6754461752872263,0.005322457238901273
601,0,3,DJI AVATA2,-5.176832759054085,0.5592851728536822,-0.014149877416925982
601,1,3,DJI FPV COMBO,-11.015010310628268,1.0112309294258093,-25.854970181967317
601,2,3,DJI MAVIC3 PRO,3.551228913710653,0.18781646556445425,6.526504353565126
602,0,2,DJI AVATA2,-12.856132485688827,0.7554702784627011,-4.649448552510995
602,1,2,DJI FPV COMBO,12.856132485688827,0.03515915240336643,14.38985787775235
603,0,2,DJI MINI3,29.487686631927875,0.0021449463027171964,27.112102728494154
603,1,2,DJI MINI4 PRO,-29.487686631927875,0.9549174621328824,-12.66912725255068
605,0,3,DJI AVATA2,-11.59856818579831,0.9537952282905943,-6.856864992025749
605,1,3,DJI FPV COMBO,7.594840423288419,0.08591010764286604,10.329444674946233
605,2,3,DJI MAVIC3 PRO,-10.405872618521334,0.65625804760089,-2.6850329710731335
607,0,3,DJI AVATA2,1.4536322496997145,0.37440838528949816,2.2525386221867865
607,1,3,DJI FPV COMBO,-1.6763509272344703,0.5382218715221003,0.2376084943666666
607,2,3,DJI MAVIC3 PRO,-19.007077603212025,1.0062543228396494,-16.18900836059938
608,0,2,DJI AVATA2,9.330005414903402,0.1231709710422966,9.035069723474852
608,1,2,DJI MAVIC3 PRO,-9.330005414903402,0.9715501684895392,-7.368705801870056
609,0,2,DJI MINI3,-14.245218613184003,0.9704237132999862,-15.055018091893489
609,1,2,DJI MINI4 PRO,14.245218613184003,0.13469656938674626,11.661680519783307
610,0,2,DJI FPV COMBO,4.356992026403742,0.1852081523672469,6.707332370073646
610,1,2,DJI MAVIC3 PRO,-4.356992026403742,0.5667633943418566,1.8873275567419012
613,0,3,DJI AVATA2,23.09477582227104,0.026573120253938223,15.869729842735705
613,1,3,DJI FPV COMBO,-32.2656218253741,1.327725683901171,-26.34963224159727
613,2,3,DJI MAVIC3 PRO,-23.660230941786526,3.9733178746439557,-16.60950163579258
614,0,3,DJI AVATA2,-13.772293574766357,0.9392524593483845,-7.535100750161735
614,1,3,DJI FPV COMBO,6.111386790091412,0.10320985768683578,9.391036284545427
614,2,3,DJI MAVIC3 PRO,-7.318611044846676,0.4503930388889857,2.5287382266625307
615,0,3,DJI AVATA2,9.928604284446878,0.23623060313775768,8.487837890544204
615,1,3,DJI FPV COMBO,-14.362387105625267,0.9443954496457859,-12.29237941396213
615,2,3,DJI MAVIC3 PRO,-12.190638482498438,2.176160468694328,-11.949222417443146
616,0,2,DJI AVATA2,15.124099558365486,0.17048854780399603,11.940055589982272
616,1,2,DJI MAVIC3 PRO,-15.124099558365486,0.978731051504976,-16.550612497795473
617,0,3,DJI AVATA2,-4.12364547931576,0.9590299640536132,-3.159134465154128
617,1,3,DJI FPV COMBO,2.2658358324613834,0.28695279210163666,4.481961413866607
617,2,3,DJI MAVIC3 PRO,-9.867418553310008,0.7316634482744683,-3.7067219181404623
618,0,2,DJI FPV COMBO,8.88069747928652,0.061524796988035056,11.867565260367922
618,1,2,DJI MAVIC3 PRO,-8.88069747928652,0.5507870332197395,1.6622061389348521
619,0,3,DJI AVATA2,-13.257301421136313,0.9273631456705713,-4.015967722561457
619,1,3,DJI FPV COMBO,11.105255050221182,0.04166483276641992,13.64331928070387
619,2,3,DJI MAVIC3 PRO,-15.592813903993047,0.6530120821708596,-2.715197170180325
620,0,3,DJI AVATA2,-15.552305427889975,0.9345649488548327,-9.55267926578244
620,1,3,DJI FPV COMBO,3.592239561651727,0.1616286673121482,7.178777734907983
620,2,3,DJI MAVIC3 PRO,-4.163173850194868,0.41240725081166485,5.627093930674299
621,0,2,DJI FPV COMBO,9.57983300464493,0.06455510312343381,11.624559352184676
621,1,2,DJI MAVIC3 PRO,-9.57983300464493,0.6570716941985792,-2.102880170566504
623,0,2,DJI AVATA2,21.0527928137512,0.05074928301608393,13.332465785165148
623,1,2,DJI MAVIC3 PRO,-21.0527928137512,0.9984232938718522,-20.944416634183135
624,0,3,DJI AVATA2,-13.655921664380376,0.9460014994673561,-7.274223590573518
624,1,3,DJI FPV COMBO,9.536662466635565,0.06113316357211587,11.876522026712486
624,2,3,DJI MAVIC3 PRO,-12.042522387243151,0.6937666195731135,-3.5155255914991033
629,0,3,DJI AVATA2,5.435515904593302,0.26803844829981716,4.526227936692307
629,1,3,DJI FPV COMBO,-8.333900529984547,0.9427075667992437,-8.367552949318135
629,2,3,DJI MAVIC3 PRO,-9.817140507721156,1.0440500927266598,-6.771923966793731
